Original_ID,Organisation,Location,Country,Superpower,Datetime,Year,Details,Mission_Status
405,RVSN USSR,"Site 43/3, Plesetsk Cosmodrome, Russia",Russia,USSR,"Sat Dec 27, 1975 10:22 UTC",1975.0,Molniya-M /Block ML | Molniya-3 n°56,Success
406,RVSN USSR,"Site 41/1, Plesetsk Cosmodrome, Russia",Russia,USSR,"Thu Dec 25, 1975 19:00 UTC",1975.0,Vostok-2M | Meteor n°33,Success
407,RVSN USSR,"Site 81/24, Baikonur Cosmodrome, Kazakhstan",Kazakhstan,USSR,"Mon Dec 22, 1975 13:00 UTC",1975.0,Proton-K/Block-DM | Raduga 1,Success
408,RVSN USSR,"Site 31/6, Baikonur Cosmodrome, Kazakhstan",Kazakhstan,USSR,"Mon Dec 22, 1975 02:08 UTC",1975.0,Molniya-M /Block SO-L | Prognoz n°4,Success
409,RVSN USSR,"Site 132/1, Plesetsk Cosmodrome, Russia",Russia,USSR,"Fri Dec 19, 1975 14:00 UTC",1975.0,Cosmos-3M | DS-P1 satellite,Failure
410,RVSN USSR,"Site 43/3, Plesetsk Cosmodrome, Russia",Russia,USSR,"Wed Dec 17, 1975 11:06 UTC",1975.0,Molniya-M /Block ML | Molniya-2 n°55,Success
411,RVSN USSR,"Site 31/6, Baikonur Cosmodrome, Kazakhstan",Kazakhstan,USSR,"Tue Dec 16, 1975 09:50 UTC",1975.0,Voskhod | Cosmos 786,Success
412,CASC,"Site 138 (LA-2B), Jiuquan Satellite Launch Center, China",China,Other,"Tue Dec 16, 1975 09:21 UTC",1975.0,Feng Bao 1 | JSSW-4,Success
413,Martin Marietta,"SLC-40, Cape Canaveral SFS, Florida, USA",USA,USA,"Sun Dec 14, 1975 05:15 UTC",1975.0,Titan III(23)C | DSP-5,Success
414,US Air Force,"SLC-17A, Cape Canaveral SFS, Florida, USA",USA,USA,"Sat Dec 13, 1975 01:56 UTC",1975.0,Delta 3914 | Satcom-1,Success
415,RVSN USSR,"Site 90/19, Baikonur Cosmodrome, Kazakhstan",Kazakhstan,USSR,"Fri Dec 12, 1975 12:45 UTC",1975.0,Tsyklon-2 | Cosmos 785,Success
416,RVSN USSR,"Site 132/1, Plesetsk Cosmodrome, Russia",Russia,USSR,"Thu Dec 11, 1975 17:00 UTC",1975.0,Cosmos-3M | Intercosmos 14,Success
417,US Air Force,"SLC-5, Vandenberg SFB, California, USA",USA,USA,"Sat Dec 06, 1975 03:35 UTC",1975.0,Scout F1 | DAD Explorer A & B,Success
418,Martin Marietta,"SLC-4E, Vandenberg SFB, California, USA",USA,USA,"Thu Dec 04, 1975 20:38 UTC",1975.0,Titan IIID | KH9-11 & S3,Success
419,RVSN USSR,"Site 43/3, Plesetsk Cosmodrome, Russia",Russia,USSR,"Wed Dec 03, 1975 10:00 UTC",1975.0,Voskhod | Cosmos 784,Success
420,RVSN USSR,"Site 132/1, Plesetsk Cosmodrome, Russia",Russia,USSR,"Fri Nov 28, 1975 00:10 UTC",1975.0,Cosmos-3M | Cosmos 783,Success
421,CASC,"Site 138 (LA-2B), Jiuquan Satellite Launch Center, China",China,Other,"Wed Nov 26, 1975 03:27 UTC",1975.0,Long March 2 | FSW-0 1,Success
422,RVSN USSR,"Site 43/3, Plesetsk Cosmodrome, Russia",Russia,USSR,"Tue Nov 25, 1975 17:00 UTC",1975.0,Soyuz U | Cosmos 782,Success
423,RVSN USSR,"Site 132/1, Plesetsk Cosmodrome, Russia",Russia,USSR,"Fri Nov 21, 1975 17:11 UTC",1975.0,Cosmos-3M | Cosmos 781,Success
424,RVSN USSR,"Site 31/6, Baikonur Cosmodrome, Kazakhstan",Kazakhstan,USSR,"Fri Nov 21, 1975 09:20 UTC",1975.0,Voskhod | Cosmos 780,Success
425,US Air Force,"SLC-17B, Cape Canaveral SFS, Florida, USA",USA,USA,"Thu Nov 20, 1975 02:06 UTC",1975.0,Delta 2910 | Explorer 55 (AE-E),Success
426,RVSN USSR,"Site 1/5, Baikonur Cosmodrome, Kazakhstan",Kazakhstan,USSR,"Mon Nov 17, 1975 14:36 UTC",1975.0,Soyuz U | Soyuz 20,Success
427,RVSN USSR,"Site 43/3, Plesetsk Cosmodrome, Russia",Russia,USSR,"Fri Nov 14, 1975 19:13 UTC",1975.0,Molniya-M /Block ML | Molniya-3 n°54,Success
428,RVSN USSR,"Site 43/3, Plesetsk Cosmodrome, Russia",Russia,USSR,"Tue Nov 04, 1975 15:19 UTC",1975.0,Voskhod | Cosmos 779,Success
429,RVSN USSR,"Site 132/1, Plesetsk Cosmodrome, Russia",Russia,USSR,"Tue Nov 04, 1975 10:12 UTC",1975.0,Cosmos-3M | Cosmos 778,Success
430,RVSN USSR,"Site 90/20, Baikonur Cosmodrome, Kazakhstan",Kazakhstan,USSR,"Wed Oct 29, 1975 11:00 UTC",1975.0,Tsyklon-2 | Cosmos 777,Success
431,RVSN USSR,"Site 41/1, Plesetsk Cosmodrome, Russia",Russia,USSR,"Fri Oct 17, 1975 14:29 UTC",1975.0,Voskhod | Cosmos 776,Success
432,US Air Force,"SLC-17B, Cape Canaveral SFS, Florida, USA",USA,USA,"Thu Oct 16, 1975 22:40 UTC",1975.0,Delta 2914 | GOES-A,Success
433,RVSN USSR,"Site 81/23, Baikonur Cosmodrome, Kazakhstan",Kazakhstan,USSR,"Thu Oct 16, 1975 04:04 UTC",1975.0,Proton-K/Block D | Ye-8-5M n°412,Failure
434,US Air Force,"SLC-5, Vandenberg SFB, California, USA",USA,USA,"Sun Oct 12, 1975 06:39 UTC",1975.0,Scout D1 | TIP 2,Success
435,US Air Force,"SLC-4W, Vandenberg SFB, California, USA",USA,USA,"Thu Oct 09, 1975 19:15 UTC",1975.0,Titan III(24)B | OPS 5499,Success
436,RVSN USSR,"Site 81/24, Baikonur Cosmodrome, Kazakhstan",Kazakhstan,USSR,"Wed Oct 08, 1975 00:30 UTC",1975.0,Proton-K/Block-DM | Cosmos 775,Success
437,US Air Force,"SLC-2W, Vandenberg SFB, California, USA",USA,USA,"Mon Oct 06, 1975 09:00 UTC",1975.0,Delta 2910 | Explorer 54 (AE-D),Success
438,RVSN USSR,"Site 31/6, Baikonur Cosmodrome, Kazakhstan",Kazakhstan,USSR,"Wed Oct 01, 1975 08:30 UTC",1975.0,Voskhod | Cosmos 774,Success
439,RVSN USSR,"Site 132/1, Plesetsk Cosmodrome, Russia",Russia,USSR,"Tue Sep 30, 1975 18:37 UTC",1975.0,Cosmos-3M | Cosmos 773,Success
440,RVSN USSR,"Site 1/5, Baikonur Cosmodrome, Kazakhstan",Kazakhstan,USSR,"Mon Sep 29, 1975 04:15 UTC",1975.0,Soyuz U | Cosmos 772,Success
441,CNES,"ELD, Guiana Space Centre, French Guiana, France",France,Other,"Sat Sep 27, 1975 08:37 UTC",1975.0,Diamant BP4 | Aura,Success
442,General Dynamics,"SLC-36B, Cape Canaveral SFS, Florida, USA",USA,USA,"Fri Sep 26, 1975 00:17 UTC",1975.0,Atlas-SLV3D Centaur-D1AR | Intelsat 4A F1,Success
443,RVSN USSR,"Site 43/3, Plesetsk Cosmodrome, Russia",Russia,USSR,"Thu Sep 25, 1975 09:49 UTC",1975.0,Soyuz U | Cosmos 771,Success
444,RVSN USSR,"Site 132/1, Plesetsk Cosmodrome, Russia",Russia,USSR,"Wed Sep 24, 1975 12:00 UTC",1975.0,Cosmos-3M | Cosmos 770,Success
445,RVSN USSR,"Site 41/1, Plesetsk Cosmodrome, Russia",Russia,USSR,"Tue Sep 23, 1975 09:59 UTC",1975.0,Voskhod | Cosmos 769,Success
446,RVSN USSR,"Site 41/1, Plesetsk Cosmodrome, Russia",Russia,USSR,"Thu Sep 18, 1975 00:12 UTC",1975.0,Vostok-2M | Meteor n°32,Success
447,RVSN USSR,"Site 132/1, Plesetsk Cosmodrome, Russia",Russia,USSR,"Wed Sep 17, 1975 07:10 UTC",1975.0,Cosmos-3M | Cosmos 761 to 768,Success
448,RVSN USSR,"Site 31/6, Baikonur Cosmodrome, Kazakhstan",Kazakhstan,USSR,"Tue Sep 16, 1975 09:00 UTC",1975.0,Voskhod | Cosmos 760,Success
449,RVSN USSR,"Site 43/3, Plesetsk Cosmodrome, Russia",Russia,USSR,"Fri Sep 12, 1975 05:30 UTC",1975.0,Soyuz U | Cosmos 759,Success
450,Martin Marietta,"SLC-41, Cape Canaveral SFS, Florida, USA",USA,USA,"Tue Sep 09, 1975 18:39 UTC",1975.0,Titan IIIE | Viking 2,Success
451,MHI,"LA-Y1, Tanegashima Space Center, Japan",Japan,Other,"Tue Sep 09, 1975 05:30 UTC",1975.0,N-I | Kiku 1,Success
452,RVSN USSR,"Site 41/1, Plesetsk Cosmodrome, Russia",Russia,USSR,"Tue Sep 09, 1975 00:19 UTC",1975.0,Molniya-M /Block ML | Molniya-2 n°53,Success
453,RVSN USSR,"Site 43/3, Plesetsk Cosmodrome, Russia",Russia,USSR,"Fri Sep 05, 1975 14:49 UTC",1975.0,Soyuz U | Cosmos 758,Success
454,RVSN USSR,"Site 41/1, Plesetsk Cosmodrome, Russia",Russia,USSR,"Tue Sep 02, 1975 13:09 UTC",1975.0,Molniya-M /Block ML | Molniya-1 n°52,Success
455,RVSN USSR,"Site 41/1, Plesetsk Cosmodrome, Russia",Russia,USSR,"Wed Aug 27, 1975 14:45 UTC",1975.0,Voskhod | Cosmos 757,Success
456,US Air Force,"SLC-17A, Cape Canaveral SFS, Florida, USA",USA,USA,"Wed Aug 27, 1975 01:42 UTC",1975.0,Delta 2914 | Symphonie-2,Success
457,RVSN USSR,"Site 41/1, Plesetsk Cosmodrome, Russia",Russia,USSR,"Fri Aug 22, 1975 02:10 UTC",1975.0,Vostok-2M | Cosmos 756,Success
458,Martin Marietta,"SLC-41, Cape Canaveral SFS, Florida, USA",USA,USA,"Wed Aug 20, 1975 21:22 UTC",1975.0,Titan IIIE | Viking 1,Success
459,RVSN USSR,"Site 132/1, Plesetsk Cosmodrome, Russia",Russia,USSR,"Thu Aug 14, 1975 13:29 UTC",1975.0,Cosmos-3M | Cosmos 755,Success
460,RVSN USSR,"Site 31/6, Baikonur Cosmodrome, Kazakhstan",Kazakhstan,USSR,"Wed Aug 13, 1975 07:21 UTC",1975.0,Voskhod | Cosmos 754,Success
461,US Air Force,"SLC-2W, Vandenberg SFB, California, USA",USA,USA,"Sat Aug 09, 1975 01:50 UTC",1975.0,Delta 2913 | COS-B,Success
462,RVSN USSR,"Site 43/3, Plesetsk Cosmodrome, Russia",Russia,USSR,"Thu Jul 31, 1975 13:00 UTC",1975.0,Voskhod | Cosmos 753,Success
463,CASC,"Site 138 (LA-2B), Jiuquan Satellite Launch Center, China",China,Other,"Sat Jul 26, 1975 13:30 UTC",1975.0,Feng Bao 1 | JSSW-3,Success
464,RVSN USSR,"Site 132/1, Plesetsk Cosmodrome, Russia",Russia,USSR,"Thu Jul 24, 1975 19:00 UTC",1975.0,Cosmos-3M | Cosmos 752,Success
465,RVSN USSR,"Site 43/3, Plesetsk Cosmodrome, Russia",Russia,USSR,"Wed Jul 23, 1975 13:00 UTC",1975.0,Voskhod | Cosmos 751,Success
466,RVSN USSR,"Site 133/3, Plesetsk Cosmodrome, Russia",Russia,USSR,"Thu Jul 17, 1975 09:10 UTC",1975.0,Cosmos-2 (63SM) | Cosmos 750,Success
467,NASA,"LC-39B, Kennedy Space Center, Florida, USA",USA,USA,"Tue Jul 15, 1975 19:50 UTC",1975.0,Saturn IB | ASTP (Apollo–Soyuz Test Project),Success
468,RVSN USSR,"Site 1/5, Baikonur Cosmodrome, Kazakhstan",Kazakhstan,USSR,"Tue Jul 15, 1975 12:20 UTC",1975.0,Soyuz U | Soyuz 19 (Apollo-Soyuz),Success
469,RVSN USSR,"Site 41/1, Plesetsk Cosmodrome, Russia",Russia,USSR,"Fri Jul 11, 1975 04:15 UTC",1975.0,Vostok-2M | Meteor-2 n°1,Success
470,RVSN USSR,"Site 41/1, Plesetsk Cosmodrome, Russia",Russia,USSR,"Tue Jul 08, 1975 05:05 UTC",1975.0,Molniya-M /Block ML | Molniya-2 n°51,Success
471,RVSN USSR,"Site 132/1, Plesetsk Cosmodrome, Russia",Russia,USSR,"Fri Jul 04, 1975 00:56 UTC",1975.0,Cosmos-3M | Cosmos 749,Success
472,RVSN USSR,"Site 41/1, Plesetsk Cosmodrome, Russia",Russia,USSR,"Thu Jul 03, 1975 13:40 UTC",1975.0,Voskhod | Cosmos 748,Success
473,RVSN USSR,"Site 41/1, Plesetsk Cosmodrome, Russia",Russia,USSR,"Fri Jun 27, 1975 13:00 UTC",1975.0,Voskhod | Cosmos 747,Success
474,RVSN USSR,"Site 43/3, Plesetsk Cosmodrome, Russia",Russia,USSR,"Wed Jun 25, 1975 12:59 UTC",1975.0,Voskhod | Cosmos 746,Success
475,RVSN USSR,"Site 133/3, Plesetsk Cosmodrome, Russia",Russia,USSR,"Tue Jun 24, 1975 12:04 UTC",1975.0,Cosmos-2 (63SM) | Cosmos 745,Success
476,US Air Force,"SLC-17B, Cape Canaveral SFS, Florida, USA",USA,USA,"Sat Jun 21, 1975 11:43 UTC",1975.0,Delta 1910 | OSO-8,Success
477,RVSN USSR,"Site 41/1, Plesetsk Cosmodrome, Russia",Russia,USSR,"Fri Jun 20, 1975 06:54 UTC",1975.0,Vostok-2M | Cosmos 744,Success
478,General Dynamics,"LC-13, Cape Canaveral SFS, Florida, USA",USA,USA,"Wed Jun 18, 1975 09:00 UTC",1975.0,Atlas-SLV3A Agena-D | AFP-827 (Canyon-6),Success
479,RVSN USSR,"Site 81/24, Baikonur Cosmodrome, Kazakhstan",Kazakhstan,USSR,"Sat Jun 14, 1975 03:00 UTC",1975.0,Proton-K/Block D-1 | Venera 10,Success
480,RVSN USSR,"Site 43/3, Plesetsk Cosmodrome, Russia",Russia,USSR,"Thu Jun 12, 1975 12:30 UTC",1975.0,Soyuz U | Cosmos 743,Success
481,US Air Force,"SLC-2W, Vandenberg SFB, California, USA",USA,USA,"Thu Jun 12, 1975 08:12 UTC",1975.0,Delta 2910 | Nimbus 6,Success
482,Martin Marietta,"SLC-4E, Vandenberg SFB, California, USA",USA,USA,"Sun Jun 08, 1975 18:30 UTC",1975.0,Titan IIID | KH9-10 & SSF-C-5,Success
483,RVSN USSR,"Site 81/24, Baikonur Cosmodrome, Kazakhstan",Kazakhstan,USSR,"Sun Jun 08, 1975 02:37 UTC",1975.0,Proton-K/Block D-1 | Venera 9,Success
484,RVSN USSR,"Site 41/1, Plesetsk Cosmodrome, Russia",Russia,USSR,"Thu Jun 05, 1975 01:37 UTC",1975.0,Molniya-M /Block ML | Molniya-1 n°50 & SRET-2,Success
485,RVSN USSR,"Site 43/3, Plesetsk Cosmodrome, Russia",Russia,USSR,"Tue Jun 03, 1975 13:20 UTC",1975.0,Voskhod | Cosmos 742,Success
486,RVSN USSR,"Site 107/1, Kapustin Yar, Russia",Russia,USSR,"Tue Jun 03, 1975 09:00 UTC",1975.0,Cosmos-3M | DS-U3 satellite,Failure
487,RVSN USSR,"Site 43/3, Plesetsk Cosmodrome, Russia",Russia,USSR,"Fri May 30, 1975 06:45 UTC",1975.0,Voskhod | Cosmos 741,Success
488,RVSN USSR,"Site 31/6, Baikonur Cosmodrome, Kazakhstan",Kazakhstan,USSR,"Wed May 28, 1975 07:29 UTC",1975.0,Voskhod | Cosmos 740,Success
489,RVSN USSR,"Site 132/1, Plesetsk Cosmodrome, Russia",Russia,USSR,"Wed May 28, 1975 00:25 UTC",1975.0,Cosmos-3M | Cosmos 732 to 739,Success
490,RVSN USSR,"Site 1/5, Baikonur Cosmodrome, Kazakhstan",Kazakhstan,USSR,"Sat May 24, 1975 14:58 UTC",1975.0,Soyuz | Soyuz 18,Success
491,US Air Force,"SLC-10W (75-2-6), Vandenberg SFB, California, USA",USA,USA,"Sat May 24, 1975 03:22 UTC",1975.0,Thor-LV2D Burner-2 | DMSP-5C-F2,Success
492,General Dynamics,"SLC-36A, Cape Canaveral SFS, Florida, USA",USA,USA,"Thu May 22, 1975 22:04 UTC",1975.0,Atlas-SLV3D Centaur-D1A | Intelsat 4 F1,Success
493,RVSN USSR,"Site 31/6, Baikonur Cosmodrome, Kazakhstan",Kazakhstan,USSR,"Wed May 21, 1975 06:59 UTC",1975.0,Voskhod | Cosmos 731,Success
494,Martin Marietta,"SLC-40, Cape Canaveral SFS, Florida, USA",USA,USA,"Tue May 20, 1975 14:03 UTC",1975.0,Titan III(23)C | DSCS-II 5&6,Failure
495,CNES,"ELD, Guiana Space Centre, French Guiana, France",France,Other,"Sat May 17, 1975 10:32 UTC",1975.0,Diamant BP4 | Castor & Pollux,Success
496,US Air Force,"SLC-17B, Cape Canaveral SFS, Florida, USA",USA,USA,"Wed May 07, 1975 23:35 UTC",1975.0,Delta 2914 | Anik-A3,Success
497,ASI,"SM Launch Tab, San Marco Launch Platform, Kenya",Kenya,Other,"Wed May 07, 1975 22:45 UTC",1975.0,Scout F1 | Explorer 53 (SAS-C),Success
498,RVSN USSR,"Site 41/1, Plesetsk Cosmodrome, Russia",Russia,USSR,"Tue Apr 29, 1975 10:23 UTC",1975.0,Molniya-M /Block ML | Molniya-1 n°49,Success
499,RVSN USSR,"Site 43/3, Plesetsk Cosmodrome, Russia",Russia,USSR,"Thu Apr 24, 1975 08:04 UTC",1975.0,Voskhod | Cosmos 730,Success
500,RVSN USSR,"Site 132/1, Plesetsk Cosmodrome, Russia",Russia,USSR,"Tue Apr 22, 1975 21:10 UTC",1975.0,Cosmos-3M | Cosmos 729,Success
501,RVSN USSR,"Site 132/2, Plesetsk Cosmodrome, Russia",Russia,USSR,"Sat Apr 19, 1975 07:58 UTC",1975.0,Cosmos-3M | Aryabhata,Success
502,US Air Force,"SLC-4W, Vandenberg SFB, California, USA",USA,USA,"Fri Apr 18, 1975 16:48 UTC",1975.0,Titan III(24)B | OPS 4883,Success
503,RVSN USSR,"Site 41/1, Plesetsk Cosmodrome, Russia",Russia,USSR,"Fri Apr 18, 1975 10:00 UTC",1975.0,Voskhod | Cosmos 728,Success
504,RVSN USSR,"Site 31/6, Baikonur Cosmodrome, Kazakhstan",Kazakhstan,USSR,"Wed Apr 16, 1975 08:00 UTC",1975.0,Soyuz U | Cosmos 727,Success
505,RVSN USSR,"Site 41/1, Plesetsk Cosmodrome, Russia",Russia,USSR,"Mon Apr 14, 1975 17:52 UTC",1975.0,Molniya-M /Block ML | Molniya-3 n°48,Success
506,General Dynamics,"SLC-3W, Vandenberg SFB, California, USA",USA,USA,"Sun Apr 13, 1975 00:51 UTC",1975.0,Atlas-E/F Star-17A | P72-2,Failure
507,RVSN USSR,"Site 132/1, Plesetsk Cosmodrome, Russia",Russia,USSR,"Fri Apr 11, 1975 07:57 UTC",1975.0,Cosmos-3M | Cosmos 726,Success
508,US Air Force,"SLC-2W, Vandenberg SFB, California, USA",USA,USA,"Wed Apr 09, 1975 23:58 UTC",1975.0,Delta 1410 | GEOS-C,Success
509,RVSN USSR,"Site 133/3, Plesetsk Cosmodrome, Russia",Russia,USSR,"Tue Apr 08, 1975 18:29 UTC",1975.0,Cosmos-2 (63SM) | Cosmos 725,Success
510,RVSN USSR,"Site 90/20, Baikonur Cosmodrome, Kazakhstan",Kazakhstan,USSR,"Mon Apr 07, 1975 11:00 UTC",1975.0,Tsyklon-2 | Cosmos 724,Success
511,RVSN USSR,"Site 1/5, Baikonur Cosmodrome, Kazakhstan",Kazakhstan,USSR,"Sat Apr 05, 1975 11:04 UTC",1975.0,Soyuz | Soyuz 18a (7K-T n°39),Failure
512,RVSN USSR,"Site 90/20, Baikonur Cosmodrome, Kazakhstan",Kazakhstan,USSR,"Wed Apr 02, 1975 11:00 UTC",1975.0,Tsyklon-2 | Cosmos 723,Success
513,RVSN USSR,"Site 41/1, Plesetsk Cosmodrome, Russia",Russia,USSR,"Tue Apr 01, 1975 12:30 UTC",1975.0,Vostok-2M | Meteor n°31,Success
514,RVSN USSR,"Site 132/1, Plesetsk Cosmodrome, Russia",Russia,USSR,"Thu Mar 27, 1975 14:30 UTC",1975.0,Cosmos-3M | Intercosmos 13,Success
515,RVSN USSR,"Site 31/6, Baikonur Cosmodrome, Kazakhstan",Kazakhstan,USSR,"Thu Mar 27, 1975 08:00 UTC",1975.0,Voskhod | Cosmos 722,Success
516,RVSN USSR,"Site 41/1, Plesetsk Cosmodrome, Russia",Russia,USSR,"Wed Mar 26, 1975 08:50 UTC",1975.0,Voskhod | Cosmos 721,Success
517,RVSN USSR,"Site 43/3, Plesetsk Cosmodrome, Russia",Russia,USSR,"Fri Mar 21, 1975 06:50 UTC",1975.0,Soyuz U | Cosmos 720,Success
518,RVSN USSR,"Site 31/6, Baikonur Cosmodrome, Kazakhstan",Kazakhstan,USSR,"Wed Mar 12, 1975 08:55 UTC",1975.0,Voskhod | Cosmos 719,Success
519,Martin Marietta,"SLC-4W, Vandenberg SFB, California, USA",USA,USA,"Mon Mar 10, 1975 04:41 UTC",1975.0,Titan III(34)B Agena-D | Jumpseat 4,Success
520,RVSN USSR,"Site 132/2, Plesetsk Cosmodrome, Russia",Russia,USSR,"Fri Feb 28, 1975 14:01 UTC",1975.0,Cosmos-3M | Cosmos 711 to 718,Success
521,RVSN USSR,"Site 31/6, Baikonur Cosmodrome, Kazakhstan",Kazakhstan,USSR,"Wed Feb 26, 1975 09:00 UTC",1975.0,Voskhod | Cosmos 710,Success
522,ISAS,"Mu Pad, Uchinoura Space Center, Japan",Japan,Other,"Mon Feb 24, 1975 05:25 UTC",1975.0,Mu-III C | Taiyo,Success
523,General Dynamics,"SLC-36A, Cape Canaveral SFS, Florida, USA",USA,USA,"Thu Feb 20, 1975 23:35 UTC",1975.0,Atlas-SLV3D Centaur-D1A | Intelsat 4 F6,Failure
524,RVSN USSR,"Site 41/1, Plesetsk Cosmodrome, Russia",Russia,USSR,"Wed Feb 12, 1975 14:30 UTC",1975.0,Voskhod | Cosmos 709,Success
525,RVSN USSR,"Site 132/1, Plesetsk Cosmodrome, Russia",Russia,USSR,"Wed Feb 12, 1975 03:30 UTC",1975.0,Cosmos-3M | Cosmos 708,Success
526,US Air Force,"SLC-17B, Cape Canaveral SFS, Florida, USA",USA,USA,"Thu Feb 06, 1975 22:04 UTC",1975.0,Delta 2914 | SMS-2,Success
527,CNES,"ELD, Guiana Space Centre, French Guiana, France",France,Other,"Thu Feb 06, 1975 16:35 UTC",1975.0,Diamant BP4 | Starlette,Success
528,RVSN USSR,"Site 41/1, Plesetsk Cosmodrome, Russia",Russia,USSR,"Thu Feb 06, 1975 04:49 UTC",1975.0,Molniya-M /Block L | Molniya-2 n°47,Success
529,RVSN USSR,"Site 132/1, Plesetsk Cosmodrome, Russia",Russia,USSR,"Wed Feb 05, 1975 13:15 UTC",1975.0,Cosmos-3M | Cosmos 707,Success
530,RVSN USSR,"Site 41/1, Plesetsk Cosmodrome, Russia",Russia,USSR,"Thu Jan 30, 1975 15:02 UTC",1975.0,Molniya-M /Block 2BL | Cosmos 706,Success
531,RVSN USSR,"Site 133/3, Plesetsk Cosmodrome, Russia",Russia,USSR,"Tue Jan 28, 1975 12:05 UTC",1975.0,Cosmos-2 (63SM) | Cosmos 705,Success
532,RVSN USSR,"Site 41/1, Plesetsk Cosmodrome, Russia",Russia,USSR,"Thu Jan 23, 1975 11:00 UTC",1975.0,Voskhod | Cosmos 704,Success
533,US Air Force,"SLC-2W, Vandenberg SFB, California, USA",USA,USA,"Wed Jan 22, 1975 17:55 UTC",1975.0,Delta 2910 | Landsat 2,Success
534,RVSN USSR,"Site 133/3, Plesetsk Cosmodrome, Russia",Russia,USSR,"Tue Jan 21, 1975 11:04 UTC",1975.0,Cosmos-2 (63SM) | Cosmos 703,Success
535,RVSN USSR,"Site 31/6, Baikonur Cosmodrome, Kazakhstan",Kazakhstan,USSR,"Fri Jan 17, 1975 09:00 UTC",1975.0,Voskhod | Cosmos 702,Success
536,RVSN USSR,"Site 1/5, Baikonur Cosmodrome, Kazakhstan",Kazakhstan,USSR,"Fri Jan 10, 1975 21:43 UTC",1975.0,Soyuz | Soyuz 17,Success
537,RVSN USSR,"Site 31/6, Baikonur Cosmodrome, Kazakhstan",Kazakhstan,USSR,"Fri Dec 27, 1974 09:10 UTC",1974.0,Voskhod | Cosmos 701,Success
538,RVSN USSR,"Site 132/1, Plesetsk Cosmodrome, Russia",Russia,USSR,"Thu Dec 26, 1974 11:59 UTC",1974.0,Cosmos-3M | Cosmos 700,Success
539,RVSN USSR,"Site 81/24, Baikonur Cosmodrome, Kazakhstan",Kazakhstan,USSR,"Thu Dec 26, 1974 04:15 UTC",1974.0,Proton-K | Salyut 4,Success
540,RVSN USSR,"Site 90/20, Baikonur Cosmodrome, Kazakhstan",Kazakhstan,USSR,"Tue Dec 24, 1974 11:00 UTC",1974.0,Tsyklon-2 | Cosmos 699,Success
541,RVSN USSR,"Site 41/1, Plesetsk Cosmodrome, Russia",Russia,USSR,"Sat Dec 21, 1974 02:19 UTC",1974.0,Molniya-M /Block L | Molniya-2 n°46,Success
542,US Air Force,"SLC-17B, Cape Canaveral SFS, Florida, USA",USA,USA,"Thu Dec 19, 1974 02:39 UTC",1974.0,Delta 2914 | Symphonie-1,Success
543,RVSN USSR,"Site 132/1, Plesetsk Cosmodrome, Russia",Russia,USSR,"Wed Dec 18, 1974 14:11 UTC",1974.0,Cosmos-3M | Cosmos 698,Success
544,RVSN USSR,"Site 43/4, Plesetsk Cosmodrome, Russia",Russia,USSR,"Tue Dec 17, 1974 11:45 UTC",1974.0,Vostok-2M | Meteor n°30,Success
545,RVSN USSR,"Site 43/3, Plesetsk Cosmodrome, Russia",Russia,USSR,"Fri Dec 13, 1974 13:30 UTC",1974.0,Soyuz U | Cosmos 697,Partial Failure
546,Martin Marietta,"SLC-41, Cape Canaveral SFS, Florida, USA",USA,USA,"Tue Dec 10, 1974 07:11 UTC",1974.0,Titan IIIE | Helios-1,Success
547,RVSN USSR,"Site 1/5, Baikonur Cosmodrome, Kazakhstan",Kazakhstan,USSR,"Mon Dec 02, 1974 09:40 UTC",1974.0,Soyuz U | Soyuz 16,Success
548,RVSN USSR,"Site 43/4, Plesetsk Cosmodrome, Russia",Russia,USSR,"Wed Nov 27, 1974 11:44 UTC",1974.0,Voskhod | Cosmos 696,Success
549,US Air Force,"SLC-17B, Cape Canaveral SFS, Florida, USA",USA,USA,"Sat Nov 23, 1974 00:28 UTC",1974.0,Delta 2313 | Skynet-2B,Success
550,General Dynamics,"SLC-36B, Cape Canaveral SFS, Florida, USA",USA,USA,"Thu Nov 21, 1974 23:43 UTC",1974.0,Atlas-SLV3D Centaur-D1A | Intelsat 4 F8,Success
551,RVSN USSR,"Site 41/1, Plesetsk Cosmodrome, Russia",Russia,USSR,"Thu Nov 21, 1974 10:33 UTC",1974.0,Molniya-M /Block L | Molniya-3 n°45,Success
552,RVSN USSR,"Site 133/3, Plesetsk Cosmodrome, Russia",Russia,USSR,"Wed Nov 20, 1974 11:59 UTC",1974.0,Cosmos-2 (63SM) | Cosmos 695,Success
553,RVSN USSR,"Site 43/4, Plesetsk Cosmodrome, Russia",Russia,USSR,"Sat Nov 16, 1974 11:45 UTC",1974.0,Voskhod | Cosmos 694,Success
554,US Air Force,"SLC-2W, Vandenberg SFB, California, USA",USA,USA,"Fri Nov 15, 1974 17:11 UTC",1974.0,"Delta 2310 | NOAA-4, Oscar 7 & Intasat",Success
555,CASC,"Site 138 (LA-2B), Jiuquan Satellite Launch Center, China",China,Other,"Tue Nov 05, 1974 09:40 UTC",1974.0,Long March 2 | FSW-0 0,Failure
556,RVSN USSR,"Site 41/1, Plesetsk Cosmodrome, Russia",Russia,USSR,"Mon Nov 04, 1974 10:40 UTC",1974.0,Soyuz M | Cosmos 693,Success
557,RVSN USSR,"Site 43/4, Plesetsk Cosmodrome, Russia",Russia,USSR,"Fri Nov 01, 1974 14:20 UTC",1974.0,Voskhod | Cosmos 692,Success
558,RVSN USSR,"Site 132/2, Plesetsk Cosmodrome, Russia",Russia,USSR,"Thu Oct 31, 1974 10:00 UTC",1974.0,Cosmos-3M | Intercosmos 12,Success
559,Martin Marietta,"SLC-4E, Vandenberg SFB, California, USA",USA,USA,"Tue Oct 29, 1974 19:30 UTC",1974.0,"Titan IIID | KH9-9, S3 & SSF-B-26",Success
560,RVSN USSR,"Site 81/24, Baikonur Cosmodrome, Kazakhstan",Kazakhstan,USSR,"Mon Oct 28, 1974 14:30 UTC",1974.0,Proton-K/Block D | Luna 23,Success
561,RVSN USSR,"Site 43/4, Plesetsk Cosmodrome, Russia",Russia,USSR,"Mon Oct 28, 1974 10:17 UTC",1974.0,Vostok-2M | Meteor n°29,Success
562,RVSN USSR,"Site 31/6, Baikonur Cosmodrome, Kazakhstan",Kazakhstan,USSR,"Fri Oct 25, 1974 09:30 UTC",1974.0,Soyuz U | Cosmos 691,Success
563,RVSN USSR,"Site 41/1, Plesetsk Cosmodrome, Russia",Russia,USSR,"Thu Oct 24, 1974 12:38 UTC",1974.0,Molniya-M /Block L | Molniya-1 n°44,Success
564,RVSN USSR,"Site 43/3, Plesetsk Cosmodrome, Russia",Russia,USSR,"Tue Oct 22, 1974 17:59 UTC",1974.0,Soyuz U | Cosmos 690,Success
565,RVSN USSR,"Site 132/2, Plesetsk Cosmodrome, Russia",Russia,USSR,"Fri Oct 18, 1974 22:36 UTC",1974.0,Cosmos-3M | Cosmos 689,Success
566,RVSN USSR,"Site 41/1, Plesetsk Cosmodrome, Russia",Russia,USSR,"Fri Oct 18, 1974 15:00 UTC",1974.0,Voskhod | Cosmos 688,Success
567,ASI,"SM Launch Tab, San Marco Launch Platform, Kenya",Kenya,Other,"Tue Oct 15, 1974 07:47 UTC",1974.0,Scout B1 | Ariel 5,Success
568,RVSN USSR,"Site 132/2, Plesetsk Cosmodrome, Russia",Russia,USSR,"Fri Oct 11, 1974 11:29 UTC",1974.0,Cosmos-3M | Cosmos 687,Success
569,US Air Force,"SLC-17B, Cape Canaveral SFS, Florida, USA",USA,USA,"Thu Oct 10, 1974 22:53 UTC",1974.0,Delta 2914 | Westar-2,Success
570,RVSN USSR,"Site 133/3, Plesetsk Cosmodrome, Russia",Russia,USSR,"Thu Sep 26, 1974 16:34 UTC",1974.0,Cosmos-2 (63SM) | Cosmos 686,Success
571,RVSN USSR,"Site 31/6, Baikonur Cosmodrome, Kazakhstan",Kazakhstan,USSR,"Fri Sep 20, 1974 09:30 UTC",1974.0,Voskhod | Cosmos 685,Success
572,RVSN USSR,"Site 132/2, Plesetsk Cosmodrome, Russia",Russia,USSR,"Thu Sep 19, 1974 14:57 UTC",1974.0,Cosmos-3M | Cosmos 677 to 684,Success
573,RVSN USSR,"Site 132/2, Plesetsk Cosmodrome, Russia",Russia,USSR,"Wed Sep 11, 1974 17:40 UTC",1974.0,Cosmos-3M | Cosmos 676,Success
574,NASA,"SLC-5, Vandenberg SFB, California, USA",USA,USA,"Fri Aug 30, 1974 14:07 UTC",1974.0,Scout D1 | ANS,Success
575,RVSN USSR,"Site 41/1, Plesetsk Cosmodrome, Russia",Russia,USSR,"Fri Aug 30, 1974 09:00 UTC",1974.0,Voskhod | Zenit-2M n°51,Failure
576,RVSN USSR,"Site 132/2, Plesetsk Cosmodrome, Russia",Russia,USSR,"Thu Aug 29, 1974 14:54 UTC",1974.0,Cosmos-3M | Cosmos 675,Success
577,RVSN USSR,"Site 31/6, Baikonur Cosmodrome, Kazakhstan",Kazakhstan,USSR,"Thu Aug 29, 1974 07:39 UTC",1974.0,Voskhod | Cosmos 674,Success
578,RVSN USSR,"Site 1/5, Baikonur Cosmodrome, Kazakhstan",Kazakhstan,USSR,"Mon Aug 26, 1974 19:58 UTC",1974.0,Soyuz | Soyuz 15,Success
579,RVSN USSR,"Site 43/4, Plesetsk Cosmodrome, Russia",Russia,USSR,"Fri Aug 16, 1974 03:41 UTC",1974.0,Vostok-2M | Cosmos 673,Success
580,US Air Force,"SLC-4W, Vandenberg SFB, California, USA",USA,USA,"Wed Aug 14, 1974 15:45 UTC",1974.0,Titan III(24)B | OPS 3004,Success
581,RVSN USSR,"Site 1/5, Baikonur Cosmodrome, Kazakhstan",Kazakhstan,USSR,"Mon Aug 12, 1974 06:25 UTC",1974.0,Soyuz U | Cosmos 672,Success
582,US Air Force,"SLC-10W (75-2-6), Vandenberg SFB, California, USA",USA,USA,"Fri Aug 09, 1974 03:22 UTC",1974.0,Thor-LV2D Burner-2 | DMSP-5C-F1,Success
583,RVSN USSR,"Site 43/4, Plesetsk Cosmodrome, Russia",Russia,USSR,"Wed Aug 07, 1974 12:49 UTC",1974.0,Voskhod | Cosmos 671,Success
584,RVSN USSR,"Site 1/5, Baikonur Cosmodrome, Kazakhstan",Kazakhstan,USSR,"Tue Aug 06, 1974 00:02 UTC",1974.0,Soyuz U | Cosmos 670,Success
585,RVSN USSR,"Site 81/24, Baikonur Cosmodrome, Kazakhstan",Kazakhstan,USSR,"Mon Jul 29, 1974 12:00 UTC",1974.0,Proton-K/Block-DM | Molniya-1S,Success
586,RVSN USSR,"Site 43/4, Plesetsk Cosmodrome, Russia",Russia,USSR,"Fri Jul 26, 1974 06:59 UTC",1974.0,Voskhod | Cosmos 669,Success
587,RVSN USSR,"Site 133/3, Plesetsk Cosmodrome, Russia",Russia,USSR,"Thu Jul 25, 1974 12:06 UTC",1974.0,Cosmos-2 (63SM) | Cosmos 668,Success
588,RVSN USSR,"Site 31/6, Baikonur Cosmodrome, Kazakhstan",Kazakhstan,USSR,"Thu Jul 25, 1974 07:00 UTC",1974.0,Voskhod | Cosmos 667,Success
589,RVSN USSR,"Site 43/4, Plesetsk Cosmodrome, Russia",Russia,USSR,"Tue Jul 23, 1974 01:23 UTC",1974.0,Molniya-M /Block L | Molniya-2 n°42,Success
590,US Air Force,"SLC-5, Vandenberg SFB, California, USA",USA,USA,"Tue Jul 16, 1974 11:51 UTC",1974.0,Scout D1 | Aeros 2,Success
591,General Dynamics,"SLC-3W, Vandenberg SFB, California, USA",USA,USA,"Sun Jul 14, 1974 05:17 UTC",1974.0,Atlas-E/F PTS | P73-3,Success
592,CASC,"Site 138 (LA-2B), Jiuquan Satellite Launch Center, China",China,Other,"Fri Jul 12, 1974 13:55 UTC",1974.0,Feng Bao 1 | JSSW-2,Failure
593,RVSN USSR,"Site 43/4, Plesetsk Cosmodrome, Russia",Russia,USSR,"Fri Jul 12, 1974 12:50 UTC",1974.0,Voskhod | Cosmos 666,Success
594,RVSN USSR,"Site 133/3, Plesetsk Cosmodrome, Russia",Russia,USSR,"Thu Jul 11, 1974 10:59 UTC",1974.0,Cosmos-2 (63SM) | DS-P1-You n°68,Failure
595,RVSN USSR,"Site 86/1, Kapustin Yar, Russia",Russia,USSR,"Thu Jul 11, 1974 05:01 UTC",1974.0,K65M-RB5 | BOR-3 n°302,Success
596,RVSN USSR,"Site 43/4, Plesetsk Cosmodrome, Russia",Russia,USSR,"Tue Jul 09, 1974 14:39 UTC",1974.0,Vostok-2M | Meteor-Priroda n°1,Success
597,RVSN USSR,"Site 1/5, Baikonur Cosmodrome, Kazakhstan",Kazakhstan,USSR,"Wed Jul 03, 1974 18:51 UTC",1974.0,Soyuz | Soyuz 14,Success
598,RVSN USSR,"Site 41/1, Plesetsk Cosmodrome, Russia",Russia,USSR,"Sat Jun 29, 1974 15:59 UTC",1974.0,Molniya-M /Block 2BL | Cosmos 665,Success
599,RVSN USSR,"Site 43/4, Plesetsk Cosmodrome, Russia",Russia,USSR,"Sat Jun 29, 1974 12:50 UTC",1974.0,Soyuz M | Cosmos 664,Success
600,RVSN USSR,"Site 132/1, Plesetsk Cosmodrome, Russia",Russia,USSR,"Thu Jun 27, 1974 15:39 UTC",1974.0,Cosmos-3M | Cosmos 663,Success
601,RVSN USSR,"Site 133/3, Plesetsk Cosmodrome, Russia",Russia,USSR,"Wed Jun 26, 1974 12:29 UTC",1974.0,Cosmos-2 (63SM) | Cosmos 662,Success
602,RVSN USSR,"Site 81/23, Baikonur Cosmodrome, Kazakhstan",Kazakhstan,USSR,"Mon Jun 24, 1974 22:38 UTC",1974.0,Proton-K | Salyut 3,Success
603,RVSN USSR,"Site 132/2, Plesetsk Cosmodrome, Russia",Russia,USSR,"Fri Jun 21, 1974 09:03 UTC",1974.0,Cosmos-3M | Cosmos 661,Success
604,RVSN USSR,"Site 132/2, Plesetsk Cosmodrome, Russia",Russia,USSR,"Tue Jun 18, 1974 13:00 UTC",1974.0,Cosmos-3M | Cosmos 660,Success
605,RVSN USSR,"Site 43/4, Plesetsk Cosmodrome, Russia",Russia,USSR,"Thu Jun 13, 1974 12:29 UTC",1974.0,Voskhod | Cosmos 659,Success
606,US Air Force,"SLC-4W, Vandenberg SFB, California, USA",USA,USA,"Thu Jun 06, 1974 16:30 UTC",1974.0,Titan III(24)B | OPS 1776,Success
607,RVSN USSR,"Site 31/6, Baikonur Cosmodrome, Kazakhstan",Kazakhstan,USSR,"Thu Jun 06, 1974 06:20 UTC",1974.0,Voskhod | Cosmos 658,Success
608,US Air Force,"SLC-5, Vandenberg SFB, California, USA",USA,USA,"Mon Jun 03, 1974 23:09 UTC",1974.0,Scout E1 | Explorer 52 (Hawkeye 1),Success
609,Martin Marietta,"SLC-40, Cape Canaveral SFS, Florida, USA",USA,USA,"Thu May 30, 1974 13:00 UTC",1974.0,Titan III(23)C | ATS-6,Success
610,RVSN USSR,"Site 43/4, Plesetsk Cosmodrome, Russia",Russia,USSR,"Thu May 30, 1974 12:44 UTC",1974.0,Voskhod | Cosmos 657,Success
611,RVSN USSR,"Site 81/24, Baikonur Cosmodrome, Kazakhstan",Kazakhstan,USSR,"Wed May 29, 1974 08:56 UTC",1974.0,Proton-K/Block D | Luna 22,Success
612,RVSN USSR,"Site 1/5, Baikonur Cosmodrome, Kazakhstan",Kazakhstan,USSR,"Mon May 27, 1974 07:25 UTC",1974.0,Soyuz | Cosmos 656,Success
613,RVSN USSR,"Site 43/3, Plesetsk Cosmodrome, Russia",Russia,USSR,"Thu May 23, 1974 12:16 UTC",1974.0,Soyuz U | Yantar-2K n°01,Failure
614,RVSN USSR,"Site 132/2, Plesetsk Cosmodrome, Russia",Russia,USSR,"Tue May 21, 1974 06:15 UTC",1974.0,Cosmos-3M | Cosmos 655,Success
615,RVSN USSR,"Site 132/1, Plesetsk Cosmodrome, Russia",Russia,USSR,"Fri May 17, 1974 11:00 UTC",1974.0,Cosmos-3M | Intercosmos 11,Success
616,US Air Force,"SLC-17B, Cape Canaveral SFS, Florida, USA",USA,USA,"Fri May 17, 1974 09:31 UTC",1974.0,Delta 2914 | SMS-1,Success
617,RVSN USSR,"Site 90/19, Baikonur Cosmodrome, Kazakhstan",Kazakhstan,USSR,"Fri May 17, 1974 06:53 UTC",1974.0,Tsyklon-2 | Cosmos 654,Success
618,RVSN USSR,"Site 43/4, Plesetsk Cosmodrome, Russia",Russia,USSR,"Wed May 15, 1974 12:30 UTC",1974.0,Voskhod | Cosmos 653,Success
619,RVSN USSR,"Site 31/6, Baikonur Cosmodrome, Kazakhstan",Kazakhstan,USSR,"Wed May 15, 1974 08:30 UTC",1974.0,Soyuz U | Cosmos 652,Success
620,RVSN USSR,"Site 90/19, Baikonur Cosmodrome, Kazakhstan",Kazakhstan,USSR,"Wed May 15, 1974 07:30 UTC",1974.0,Tsyklon-2 | Cosmos 651,Success
621,RVSN USSR,"Site 132/2, Plesetsk Cosmodrome, Russia",Russia,USSR,"Mon Apr 29, 1974 17:10 UTC",1974.0,Cosmos-3M | Cosmos 650,Success
622,RVSN USSR,"Site 43/4, Plesetsk Cosmodrome, Russia",Russia,USSR,"Mon Apr 29, 1974 13:29 UTC",1974.0,Voskhod | Cosmos 649,Success
623,RVSN USSR,"Site 41/1, Plesetsk Cosmodrome, Russia",Russia,USSR,"Fri Apr 26, 1974 14:22 UTC",1974.0,Molniya-M /Block L | Molniya-2 n°41,Success
624,RVSN USSR,"Site 43/4, Plesetsk Cosmodrome, Russia",Russia,USSR,"Wed Apr 24, 1974 11:50 UTC",1974.0,Vostok-2M | Meteor n°28,Success
625,RVSN USSR,"Site 132/2, Plesetsk Cosmodrome, Russia",Russia,USSR,"Tue Apr 23, 1974 14:14 UTC",1974.0,Cosmos-3M | Cosmos 641 to 648,Success
626,RVSN USSR,"Site 43/4, Plesetsk Cosmodrome, Russia",Russia,USSR,"Sat Apr 20, 1974 20:53 UTC",1974.0,Molniya-M /Block ML | Molniya-1 n°40,Success
627,US Air Force,"SLC-17B, Cape Canaveral SFS, Florida, USA",USA,USA,"Sat Apr 13, 1974 23:33 UTC",1974.0,Delta 2914 | Westar-1,Success
628,RVSN USSR,"Site 31/6, Baikonur Cosmodrome, Kazakhstan",Kazakhstan,USSR,"Fri Apr 12, 1974 08:00 UTC",1974.0,Voskhod | Zenit-4MK n°23,Failure
629,RVSN USSR,"Site 43/4, Plesetsk Cosmodrome, Russia",Russia,USSR,"Thu Apr 11, 1974 12:22 UTC",1974.0,Voskhod | Cosmos 640,Success
630,Martin Marietta,"SLC-4E, Vandenberg SFB, California, USA",USA,USA,"Wed Apr 10, 1974 20:20 UTC",1974.0,"Titan IIID | KH9-8, SSF-B-25, IRCB",Success
631,RVSN USSR,"Site 41/1, Plesetsk Cosmodrome, Russia",Russia,USSR,"Thu Apr 04, 1974 08:30 UTC",1974.0,Voskhod | Cosmos 639,Success
632,RVSN USSR,"Site 31/6, Baikonur Cosmodrome, Kazakhstan",Kazakhstan,USSR,"Wed Apr 03, 1974 07:30 UTC",1974.0,Soyuz U | Cosmos 638,Success
633,RVSN USSR,"Site 81/23, Baikonur Cosmodrome, Kazakhstan",Kazakhstan,USSR,"Tue Mar 26, 1974 13:35 UTC",1974.0,Proton-K/Block-DM | Cosmos 637,Success
634,RVSN USSR,"Site 31/6, Baikonur Cosmodrome, Kazakhstan",Kazakhstan,USSR,"Wed Mar 20, 1974 08:30 UTC",1974.0,Soyuz U | Cosmos 636,Success
635,US Air Force,"SLC-10W (75-2-6), Vandenberg SFB, California, USA",USA,USA,"Sat Mar 16, 1974 08:00 UTC",1974.0,Thor-LV2D Burner-2 | DMSP-5B-F5,Success
636,RVSN USSR,"Site 43/4, Plesetsk Cosmodrome, Russia",Russia,USSR,"Thu Mar 14, 1974 10:29 UTC",1974.0,Voskhod | Cosmos 635,Success
637,US Air Force,"SLC-5, Vandenberg SFB, California, USA",USA,USA,"Sat Mar 09, 1974 02:22 UTC",1974.0,Scout D1 | Miranda,Success
638,RVSN USSR,"Site 133/3, Plesetsk Cosmodrome, Russia",Russia,USSR,"Tue Mar 05, 1974 16:04 UTC",1974.0,Cosmos-2 (63SM) | Cosmos 634,Success
639,RVSN USSR,"Site 43/4, Plesetsk Cosmodrome, Russia",Russia,USSR,"Tue Mar 05, 1974 11:38 UTC",1974.0,Vostok-2M | Meteor n°27,Success
640,RVSN USSR,"Site 133/3, Plesetsk Cosmodrome, Russia",Russia,USSR,"Wed Feb 27, 1974 11:04 UTC",1974.0,Cosmos-2 (63SM) | Cosmos 633,Success
641,ASI,"SM Launch Tab, San Marco Launch Platform, Kenya",Kenya,Other,"Mon Feb 18, 1974 10:05 UTC",1974.0,Scout D1 | San Marco 4,Success
642,ISAS,"Mu Pad, Uchinoura Space Center, Japan",Japan,Other,"Sat Feb 16, 1974 05:00 UTC",1974.0,Mu-III C | Tansei 2,Success
643,US Air Force,"SLC-4W, Vandenberg SFB, California, USA",USA,USA,"Wed Feb 13, 1974 18:00 UTC",1974.0,Titan III(24)B | OPS 6889,Success
644,RVSN USSR,"Site 31/6, Baikonur Cosmodrome, Kazakhstan",Kazakhstan,USSR,"Tue Feb 12, 1974 08:56 UTC",1974.0,Voskhod | Cosmos 632,Success
645,Martin Marietta,"SLC-41, Cape Canaveral SFS, Florida, USA",USA,USA,"Mon Feb 11, 1974 13:48 UTC",1974.0,Titan IIIE | Sphinx & Viking-DS,Failure
646,RVSN USSR,"Site 132/2, Plesetsk Cosmodrome, Russia",Russia,USSR,"Wed Feb 06, 1974 00:33 UTC",1974.0,Cosmos-3M | Cosmos 631,Success
647,RVSN USSR,"Site 43/4, Plesetsk Cosmodrome, Russia",Russia,USSR,"Wed Jan 30, 1974 11:00 UTC",1974.0,Voskhod | Cosmos 630,Success
648,RVSN USSR,"Site 43/4, Plesetsk Cosmodrome, Russia",Russia,USSR,"Thu Jan 24, 1974 15:00 UTC",1974.0,Voskhod | Cosmos 629,Success
649,US Air Force,"SLC-17B, Cape Canaveral SFS, Florida, USA",USA,USA,"Sat Jan 19, 1974 01:38 UTC",1974.0,Delta 2313 | Skynet-2A,Failure
650,RVSN USSR,"Site 132/2, Plesetsk Cosmodrome, Russia",Russia,USSR,"Thu Jan 17, 1974 10:07 UTC",1974.0,Cosmos-3M | Cosmos 628,Success
651,RVSN USSR,"Site 132/2, Plesetsk Cosmodrome, Russia",Russia,USSR,"Sat Dec 29, 1973 04:12 UTC",1973.0,Cosmos-3M | Cosmos 627,Success
652,RVSN USSR,"Site 90/19, Baikonur Cosmodrome, Kazakhstan",Kazakhstan,USSR,"Thu Dec 27, 1973 20:19 UTC",1973.0,Tsyklon-2 | Cosmos 626,Success
653,RVSN USSR,"Site 132/1, Plesetsk Cosmodrome, Russia",Russia,USSR,"Wed Dec 26, 1973 16:30 UTC",1973.0,Cosmos-3M | Auréole 2,Success
654,RVSN USSR,"Site 41/1, Plesetsk Cosmodrome, Russia",Russia,USSR,"Tue Dec 25, 1973 11:17 UTC",1973.0,Molniya-M /Block L | Molniya-2 n°39,Success
655,RVSN USSR,"Site 43/4, Plesetsk Cosmodrome, Russia",Russia,USSR,"Fri Dec 21, 1973 12:30 UTC",1973.0,Voskhod | Cosmos 625,Success
656,RVSN USSR,"Site 132/2, Plesetsk Cosmodrome, Russia",Russia,USSR,"Wed Dec 19, 1973 09:43 UTC",1973.0,Cosmos-3M | Cosmos 617 to 624,Success
657,RVSN USSR,"Site 1/5, Baikonur Cosmodrome, Kazakhstan",Kazakhstan,USSR,"Tue Dec 18, 1973 11:55 UTC",1973.0,Soyuz | Soyuz 13,Success
658,RVSN USSR,"Site 41/1, Plesetsk Cosmodrome, Russia",Russia,USSR,"Mon Dec 17, 1973 12:00 UTC",1973.0,Soyuz M | Cosmos 616,Success
659,US Air Force,"SLC-2W, Vandenberg SFB, California, USA",USA,USA,"Sun Dec 16, 1973 06:18 UTC",1973.0,Delta 1900 | Explorer 51 (AE-C),Success
660,Martin Marietta,"SLC-40, Cape Canaveral SFS, Florida, USA",USA,USA,"Thu Dec 13, 1973 23:57 UTC",1973.0,Titan III(23)C | DSCS-II 3&4,Success
661,RVSN USSR,"Site 133/3, Plesetsk Cosmodrome, Russia",Russia,USSR,"Thu Dec 13, 1973 11:10 UTC",1973.0,Cosmos-2 (63SM) | Cosmos 615,Success
662,RVSN USSR,"Site 132/2, Plesetsk Cosmodrome, Russia",Russia,USSR,"Tue Dec 04, 1973 15:00 UTC",1973.0,Cosmos-3M | Cosmos 614,Success
663,RVSN USSR,"Site 41/1, Plesetsk Cosmodrome, Russia",Russia,USSR,"Fri Nov 30, 1973 13:08 UTC",1973.0,Molniya-M /Block L | Molniya-1 n°38,Success
664,RVSN USSR,"Site 1/5, Baikonur Cosmodrome, Kazakhstan",Kazakhstan,USSR,"Fri Nov 30, 1973 05:20 UTC",1973.0,Soyuz | Cosmos 613,Success
665,RVSN USSR,"Site 43/4, Plesetsk Cosmodrome, Russia",Russia,USSR,"Wed Nov 28, 1973 11:43 UTC",1973.0,Voskhod | Cosmos 612,Success
666,RVSN USSR,"Site 133/3, Plesetsk Cosmodrome, Russia",Russia,USSR,"Wed Nov 28, 1973 09:29 UTC",1973.0,Cosmos-2 (63SM) | Cosmos 611,Success
667,RVSN USSR,"Site 132/2, Plesetsk Cosmodrome, Russia",Russia,USSR,"Tue Nov 27, 1973 00:08 UTC",1973.0,Cosmos-3M | Cosmos 610,Success
668,RVSN USSR,"Site 1/5, Baikonur Cosmodrome, Kazakhstan",Kazakhstan,USSR,"Wed Nov 21, 1973 10:00 UTC",1973.0,Voskhod | Cosmos 609,Success
669,RVSN USSR,"Site 133/3, Plesetsk Cosmodrome, Russia",Russia,USSR,"Tue Nov 20, 1973 12:29 UTC",1973.0,Cosmos-2 (63SM) | Cosmos 608,Success
670,NASA,"LC-39B, Kennedy Space Center, Florida, USA",USA,USA,"Fri Nov 16, 1973 14:01 UTC",1973.0,Saturn IB | Skylab 4,Success
671,RVSN USSR,"Site 1/5, Baikonur Cosmodrome, Kazakhstan",Kazakhstan,USSR,"Wed Nov 14, 1973 20:40 UTC",1973.0,Molniya-M /Block L | Molniya-1 n°37,Success
672,Martin Marietta,"SLC-4E, Vandenberg SFB, California, USA",USA,USA,"Sat Nov 10, 1973 20:09 UTC",1973.0,"Titan IIID | KH9-7, SSF-B-24 & SSF-C-4",Success
673,RVSN USSR,"Site 43/4, Plesetsk Cosmodrome, Russia",Russia,USSR,"Sat Nov 10, 1973 12:38 UTC",1973.0,Voskhod | Cosmos 607,Success
674,US Air Force,"SLC-2W, Vandenberg SFB, California, USA",USA,USA,"Tue Nov 06, 1973 17:02 UTC",1973.0,Delta 300 | NOAA-3,Success
675,General Dynamics,"SLC-36B, Cape Canaveral SFS, Florida, USA",USA,USA,"Sat Nov 03, 1973 05:45 UTC",1973.0,Atlas-SLV3D Centaur-D1A | Mariner 10,Success
676,RVSN USSR,"Site 41/1, Plesetsk Cosmodrome, Russia",Russia,USSR,"Fri Nov 02, 1973 13:01 UTC",1973.0,Molniya-M /Block 2BL | Cosmos 606,Success
677,RVSN USSR,"Site 43/3, Plesetsk Cosmodrome, Russia",Russia,USSR,"Wed Oct 31, 1973 18:24 UTC",1973.0,Soyuz U | Cosmos 605,Success
678,RVSN USSR,"Site 132/2, Plesetsk Cosmodrome, Russia",Russia,USSR,"Tue Oct 30, 1973 19:00 UTC",1973.0,Cosmos-3M | Intercosmos 10,Success
679,US Air Force,"SLC-5, Vandenberg SFB, California, USA",USA,USA,"Tue Oct 30, 1973 00:37 UTC",1973.0,Scout A1 | Transit-O 20,Success
680,RVSN USSR,"Site 43/4, Plesetsk Cosmodrome, Russia",Russia,USSR,"Mon Oct 29, 1973 14:00 UTC",1973.0,Vostok-2M | Cosmos 604,Success
681,RVSN USSR,"Site 41/1, Plesetsk Cosmodrome, Russia",Russia,USSR,"Sat Oct 27, 1973 11:09 UTC",1973.0,Voskhod | Cosmos 603,Success
682,US Air Force,"SLC-17B, Cape Canaveral SFS, Florida, USA",USA,USA,"Fri Oct 26, 1973 02:26 UTC",1973.0,Delta 1604 | Explorer 50 (IMP-J),Success
683,RVSN USSR,"Site 43/4, Plesetsk Cosmodrome, Russia",Russia,USSR,"Sat Oct 20, 1973 10:14 UTC",1973.0,Voskhod | Cosmos 602,Success
684,RVSN USSR,"Site 41/1, Plesetsk Cosmodrome, Russia",Russia,USSR,"Fri Oct 19, 1973 10:26 UTC",1973.0,Molniya-M /Block L | Molniya-2 n°36,Success
685,RVSN USSR,"Site 133/3, Plesetsk Cosmodrome, Russia",Russia,USSR,"Tue Oct 16, 1973 14:00 UTC",1973.0,Cosmos-2 (63SM) | Cosmos 601,Success
686,RVSN USSR,"Site 43/4, Plesetsk Cosmodrome, Russia",Russia,USSR,"Tue Oct 16, 1973 12:00 UTC",1973.0,Voskhod | Cosmos 600,Success
687,RVSN USSR,"Site 1/5, Baikonur Cosmodrome, Kazakhstan",Kazakhstan,USSR,"Mon Oct 15, 1973 08:45 UTC",1973.0,Voskhod | Cosmos 599,Success
688,RVSN USSR,"Site 41/1, Plesetsk Cosmodrome, Russia",Russia,USSR,"Wed Oct 10, 1973 10:45 UTC",1973.0,Voskhod | Cosmos 598,Success
689,RVSN USSR,"Site 41/1, Plesetsk Cosmodrome, Russia",Russia,USSR,"Sat Oct 06, 1973 12:30 UTC",1973.0,Voskhod | Cosmos 597,Success
690,RVSN USSR,"Site 41/1, Plesetsk Cosmodrome, Russia",Russia,USSR,"Wed Oct 03, 1973 13:00 UTC",1973.0,Voskhod | Cosmos 596,Success
691,RVSN USSR,"Site 132/2, Plesetsk Cosmodrome, Russia",Russia,USSR,"Tue Oct 02, 1973 21:46 UTC",1973.0,Cosmos-3M | Cosmos 588 to 595,Success
692,US Air Force,"SLC-4W, Vandenberg SFB, California, USA",USA,USA,"Thu Sep 27, 1973 17:15 UTC",1973.0,Titan III(24)B | OPS 6275,Success
693,RVSN USSR,"Site 1/5, Baikonur Cosmodrome, Kazakhstan",Kazakhstan,USSR,"Thu Sep 27, 1973 12:18 UTC",1973.0,Soyuz | Soyuz 12,Success
694,RVSN USSR,"Site 43/3, Plesetsk Cosmodrome, Russia",Russia,USSR,"Fri Sep 21, 1973 13:05 UTC",1973.0,Soyuz U | Cosmos 587,Success
695,CASC,"Site 138 (LA-2B), Jiuquan Satellite Launch Center, China",China,Other,"Tue Sep 18, 1973 12:12 UTC",1973.0,Feng Bao 1 | JSSW-1,Failure
696,RVSN USSR,"Site 132/2, Plesetsk Cosmodrome, Russia",Russia,USSR,"Fri Sep 14, 1973 00:31 UTC",1973.0,Cosmos-3M | Cosmos 586,Success
697,RVSN USSR,"Site 132/2, Plesetsk Cosmodrome, Russia",Russia,USSR,"Sat Sep 08, 1973 01:50 UTC",1973.0,Cosmos-3M | Cosmos 585,Success
698,RVSN USSR,"Site 41/1, Plesetsk Cosmodrome, Russia",Russia,USSR,"Thu Sep 06, 1973 10:40 UTC",1973.0,Voskhod | Cosmos 584,Success
699,RVSN USSR,"Site 1/5, Baikonur Cosmodrome, Kazakhstan",Kazakhstan,USSR,"Thu Aug 30, 1973 10:30 UTC",1973.0,Voskhod | Cosmos 583,Success
700,RVSN USSR,"Site 41/1, Plesetsk Cosmodrome, Russia",Russia,USSR,"Thu Aug 30, 1973 00:07 UTC",1973.0,Molniya-M /Block L | Molniya-1 n°35,Success
701,RVSN USSR,"Site 132/2, Plesetsk Cosmodrome, Russia",Russia,USSR,"Tue Aug 28, 1973 10:08 UTC",1973.0,Cosmos-3M | Cosmos 582,Success
702,RVSN USSR,"Site 1/5, Baikonur Cosmodrome, Kazakhstan",Kazakhstan,USSR,"Fri Aug 24, 1973 10:59 UTC",1973.0,Voskhod | Cosmos 581,Success
703,General Dynamics,"SLC-36A, Cape Canaveral SFS, Florida, USA",USA,USA,"Thu Aug 23, 1973 22:57 UTC",1973.0,Atlas-SLV3D Centaur-D1A | Intelsat 4 F7,Success
704,RVSN USSR,"Site 133/3, Plesetsk Cosmodrome, Russia",Russia,USSR,"Wed Aug 22, 1973 11:24 UTC",1973.0,Cosmos-2 (63SM) | Cosmos 580,Success
705,Martin Marietta,"SLC-4W, Vandenberg SFB, California, USA",USA,USA,"Tue Aug 21, 1973 16:07 UTC",1973.0,Titan-III(33)B Agena-D | Jumpseat 3,Success
706,RVSN USSR,"Site 41/1, Plesetsk Cosmodrome, Russia",Russia,USSR,"Tue Aug 21, 1973 12:30 UTC",1973.0,Voskhod | Cosmos 579,Success
707,US Air Force,"SLC-10W (75-2-6), Vandenberg SFB, California, USA",USA,USA,"Fri Aug 17, 1973 04:49 UTC",1973.0,Thor-LV2D Burner-2 | DMSP-5B-F4,Success
708,RVSN USSR,"Site 81/24, Baikonur Cosmodrome, Kazakhstan",Kazakhstan,USSR,"Thu Aug 09, 1973 17:00 UTC",1973.0,Proton-K/Block D | Mars 7,Success
709,RVSN USSR,"Site 81/23, Baikonur Cosmodrome, Kazakhstan",Kazakhstan,USSR,"Sun Aug 05, 1973 17:45 UTC",1973.0,Proton-K/Block D | Mars 6,Success
710,RVSN USSR,"Site 43/4, Plesetsk Cosmodrome, Russia",Russia,USSR,"Wed Aug 01, 1973 14:00 UTC",1973.0,Voskhod | Cosmos 578,Success
711,NASA,"LC-39B, Kennedy Space Center, Florida, USA",USA,USA,"Sat Jul 28, 1973 11:10 UTC",1973.0,Saturn IB | Skylab 3,Success
712,RVSN USSR,"Site 81/24, Baikonur Cosmodrome, Kazakhstan",Kazakhstan,USSR,"Wed Jul 25, 1973 18:55 UTC",1973.0,Proton-K/Block D | Mars 5,Success
713,RVSN USSR,"Site 43/4, Plesetsk Cosmodrome, Russia",Russia,USSR,"Wed Jul 25, 1973 11:30 UTC",1973.0,Voskhod | Cosmos 577,Success
714,RVSN USSR,"Site 81/23, Baikonur Cosmodrome, Kazakhstan",Kazakhstan,USSR,"Sat Jul 21, 1973 19:30 UTC",1973.0,Proton-K/Block D | Mars 4,Success
715,US Air Force,"SLC-2W, Vandenberg SFB, California, USA",USA,USA,"Mon Jul 16, 1973 17:10 UTC",1973.0,Delta 300 | ITOS-E,Failure
716,Martin Marietta,"SLC-4E, Vandenberg SFB, California, USA",USA,USA,"Fri Jul 13, 1973 20:22 UTC",1973.0,Titan IIID | KH9-6,Success
717,RVSN USSR,"Site 41/1, Plesetsk Cosmodrome, Russia",Russia,USSR,"Wed Jul 11, 1973 09:58 UTC",1973.0,Molniya-M /Block L | Molniya-2 n°34,Success
718,RVSN USSR,"Site 43/3, Plesetsk Cosmodrome, Russia",Russia,USSR,"Wed Jul 04, 1973 10:59 UTC",1973.0,Voskhod | Zenit-4M n°50,Failure
719,RVSN USSR,"Site 41/1, Plesetsk Cosmodrome, Russia",Russia,USSR,"Wed Jun 27, 1973 11:50 UTC",1973.0,Soyuz M | Cosmos 576,Success
721,US Air Force,"SLC-4W, Vandenberg SFB, California, USA",USA,USA,"Tue Jun 26, 1973 17:00 UTC",1973.0,Titan III(24)B | OPS 4018,Failure
722,RVSN USSR,"Site 43/4, Plesetsk Cosmodrome, Russia",Russia,USSR,"Thu Jun 21, 1973 13:29 UTC",1973.0,Voskhod | Cosmos 575,Success
723,RVSN USSR,"Site 132/1, Plesetsk Cosmodrome, Russia",Russia,USSR,"Wed Jun 20, 1973 06:16 UTC",1973.0,Cosmos-3M | Cosmos 574,Success
724,RVSN USSR,"Site 1/5, Baikonur Cosmodrome, Kazakhstan",Kazakhstan,USSR,"Fri Jun 15, 1973 06:00 UTC",1973.0,Soyuz | Cosmos 573,Success
725,Martin Marietta,"SLC-40, Cape Canaveral SFS, Florida, USA",USA,USA,"Tue Jun 12, 1973 07:14 UTC",1973.0,Titan III(23)C | DSP-4,Success
726,US Air Force,"SLC-17B, Cape Canaveral SFS, Florida, USA",USA,USA,"Sun Jun 10, 1973 14:13 UTC",1973.0,Delta 1913 | Explorer 49 (RAE-B),Success
727,RVSN USSR,"Site 1/5, Baikonur Cosmodrome, Kazakhstan",Kazakhstan,USSR,"Sun Jun 10, 1973 10:10 UTC",1973.0,Voskhod | Cosmos 572,Success
728,RVSN USSR,"Site 132/1, Plesetsk Cosmodrome, Russia",Russia,USSR,"Fri Jun 08, 1973 15:50 UTC",1973.0,Cosmos-3M | Cosmos 564 to 571,Success
729,RVSN USSR,"Site 43/4, Plesetsk Cosmodrome, Russia",Russia,USSR,"Wed Jun 06, 1973 11:30 UTC",1973.0,Voskhod | Cosmos 563,Success
730,RVSN USSR,"Site 133/3, Plesetsk Cosmodrome, Russia",Russia,USSR,"Tue Jun 05, 1973 11:29 UTC",1973.0,Cosmos-2 (63SM) | Cosmos 562,Success
731,RVSN USSR,"Site 41/1, Plesetsk Cosmodrome, Russia",Russia,USSR,"Tue May 29, 1973 10:16 UTC",1973.0,Vostok-2M | Meteor n°26,Success
732,RVSN USSR,"Site 43/4, Plesetsk Cosmodrome, Russia",Russia,USSR,"Fri May 25, 1973 13:30 UTC",1973.0,Voskhod | Cosmos 561,Success
733,NASA,"LC-39B, Kennedy Space Center, Florida, USA",USA,USA,"Fri May 25, 1973 13:00 UTC",1973.0,Saturn IB | Skylab 2,Success
734,RVSN USSR,"Site 132/1, Plesetsk Cosmodrome, Russia",Russia,USSR,"Fri May 25, 1973 09:15 UTC",1973.0,Cosmos-3M | Zaliv #17,Failure
735,RVSN USSR,"Site 86/1, Kapustin Yar, Russia",Russia,USSR,"Thu May 24, 1973 03:50 UTC",1973.0,K65M-RB5 | BOR-3 n°301,Success
736,RVSN USSR,"Site 43/4, Plesetsk Cosmodrome, Russia",Russia,USSR,"Wed May 23, 1973 10:30 UTC",1973.0,Voskhod | Cosmos 560,Success
737,CNES,"ELD, Guiana Space Centre, French Guiana, France",France,Other,"Mon May 21, 1973 08:47 UTC",1973.0,Diamant B | Castor & Pollux,Failure
738,RVSN USSR,"Site 43/3, Plesetsk Cosmodrome, Russia",Russia,USSR,"Fri May 18, 1973 11:00 UTC",1973.0,Soyuz U | Cosmos 559,Success
739,RVSN USSR,"Site 133/3, Plesetsk Cosmodrome, Russia",Russia,USSR,"Thu May 17, 1973 13:19 UTC",1973.0,Cosmos-2 (63SM) | Cosmos 558,Success
740,US Air Force,"SLC-4W, Vandenberg SFB, California, USA",USA,USA,"Wed May 16, 1973 16:40 UTC",1973.0,Titan III(24)B | OPS 2093,Success
741,NASA,"LC-39A, Kennedy Space Center, Florida, USA",USA,USA,"Mon May 14, 1973 17:30 UTC",1973.0,Saturn V | Skylab 1,Success
742,RVSN USSR,"Site 81/23, Baikonur Cosmodrome, Kazakhstan",Kazakhstan,USSR,"Fri May 11, 1973 00:20 UTC",1973.0,Proton-K | Cosmos 557,Success
743,RVSN USSR,"Site 41/1, Plesetsk Cosmodrome, Russia",Russia,USSR,"Sat May 05, 1973 07:00 UTC",1973.0,Voskhod | Cosmos 556,Success
744,RVSN USSR,"Site 43/4, Plesetsk Cosmodrome, Russia",Russia,USSR,"Wed Apr 25, 1973 10:45 UTC",1973.0,Voskhod | Cosmos 555,Success
745,RVSN USSR,"Site 90/19, Baikonur Cosmodrome, Kazakhstan",Kazakhstan,USSR,"Wed Apr 25, 1973 09:10 UTC",1973.0,Tsyklon-2 | US-A n°10,Failure
746,US Air Force,"SLC-17B, Cape Canaveral SFS, Florida, USA",USA,USA,"Fri Apr 20, 1973 23:47 UTC",1973.0,Delta 1914 | Anik-A2,Success
747,RVSN USSR,"Site 86/1, Kapustin Yar, Russia",Russia,USSR,"Thu Apr 19, 1973 10:19 UTC",1973.0,Cosmos-2 (63SM) | Intercosmos 9,Success
748,RVSN USSR,"Site 43/4, Plesetsk Cosmodrome, Russia",Russia,USSR,"Thu Apr 19, 1973 08:59 UTC",1973.0,Voskhod | Cosmos 554,Success
749,RVSN USSR,"Site 133/3, Plesetsk Cosmodrome, Russia",Russia,USSR,"Thu Apr 12, 1973 11:49 UTC",1973.0,Cosmos-2 (63SM) | Cosmos 553,Success
750,General Dynamics,"SLC-36B, Cape Canaveral SFS, Florida, USA",USA,USA,"Fri Apr 06, 1973 02:11 UTC",1973.0,Atlas-SLV3D Centaur-D1A | Pioneer 11,Success
751,RVSN USSR,"Site 41/1, Plesetsk Cosmodrome, Russia",Russia,USSR,"Thu Apr 05, 1973 11:11 UTC",1973.0,Molniya-M /Block L | Molniya-2 n°33,Success
752,RVSN USSR,"Site 81/23, Baikonur Cosmodrome, Kazakhstan",Kazakhstan,USSR,"Tue Apr 03, 1973 09:00 UTC",1973.0,Proton-K | Salyut 2,Success
753,RVSN USSR,"Site 43/4, Plesetsk Cosmodrome, Russia",Russia,USSR,"Thu Mar 22, 1973 10:00 UTC",1973.0,Voskhod | Cosmos 552,Success
754,RVSN USSR,"Site 41/1, Plesetsk Cosmodrome, Russia",Russia,USSR,"Tue Mar 20, 1973 11:20 UTC",1973.0,Vostok-2M | Meteor n°25,Success
755,Martin Marietta,"SLC-4E, Vandenberg SFB, California, USA",USA,USA,"Fri Mar 09, 1973 21:00 UTC",1973.0,Titan IIID | KH9-5,Success
756,General Dynamics,"LC-13, Cape Canaveral SFS, Florida, USA",USA,USA,"Tue Mar 06, 1973 09:30 UTC",1973.0,Atlas-SLV3A Agena-D | AFP-720 (Rhyolite-2),Success
757,RVSN USSR,"Site 31/6, Baikonur Cosmodrome, Kazakhstan",Kazakhstan,USSR,"Tue Mar 06, 1973 09:20 UTC",1973.0,Voskhod | Cosmos 551,Success
758,RVSN USSR,"Site 41/1, Plesetsk Cosmodrome, Russia",Russia,USSR,"Thu Mar 01, 1973 12:40 UTC",1973.0,Voskhod | Cosmos 550,Success
759,RVSN USSR,"Site 132/1, Plesetsk Cosmodrome, Russia",Russia,USSR,"Wed Feb 28, 1973 04:37 UTC",1973.0,Cosmos-3M | Cosmos 549,Success
760,RVSN USSR,"Site 31/6, Baikonur Cosmodrome, Kazakhstan",Kazakhstan,USSR,"Thu Feb 15, 1973 01:11 UTC",1973.0,Molniya-M /Block SO-L | Prognoz n°3,Success
761,RVSN USSR,"Site 43/4, Plesetsk Cosmodrome, Russia",Russia,USSR,"Thu Feb 08, 1973 13:15 UTC",1973.0,Voskhod | Cosmos 548,Success
762,RVSN USSR,"Site 1/5, Baikonur Cosmodrome, Kazakhstan",Kazakhstan,USSR,"Sat Feb 03, 1973 05:48 UTC",1973.0,Molniya-M /Block L | Molniya-1 n°32,Success
763,RVSN USSR,"Site 31/6, Baikonur Cosmodrome, Kazakhstan",Kazakhstan,USSR,"Thu Feb 01, 1973 08:30 UTC",1973.0,Voskhod | Cosmos 547,Success
764,RVSN USSR,"Site 107/1, Kapustin Yar, Russia",Russia,USSR,"Fri Jan 26, 1973 11:44 UTC",1973.0,Cosmos-3M | Cosmos 546,Success
765,RVSN USSR,"Site 133/3, Plesetsk Cosmodrome, Russia",Russia,USSR,"Wed Jan 24, 1973 11:44 UTC",1973.0,Cosmos-2 (63SM) | Cosmos 545,Success
766,RVSN USSR,"Site 132/1, Plesetsk Cosmodrome, Russia",Russia,USSR,"Sat Jan 20, 1973 03:36 UTC",1973.0,Cosmos-3M | Cosmos 544,Success
767,RVSN USSR,"Site 31/6, Baikonur Cosmodrome, Kazakhstan",Kazakhstan,USSR,"Thu Jan 11, 1973 10:00 UTC",1973.0,Voskhod | Cosmos 543,Success
768,RVSN USSR,"Site 81/23, Baikonur Cosmodrome, Kazakhstan",Kazakhstan,USSR,"Mon Jan 08, 1973 06:55 UTC",1973.0,Proton-K/Block D | Luna 21,Success
769,RVSN USSR,"Site 43/4, Plesetsk Cosmodrome, Russia",Russia,USSR,"Thu Dec 28, 1972 11:00 UTC",1972.0,Vostok-2M | Cosmos 542,Partial Failure
770,RVSN USSR,"Site 41/1, Plesetsk Cosmodrome, Russia",Russia,USSR,"Wed Dec 27, 1972 10:30 UTC",1972.0,Soyuz M | Cosmos 541,Success
771,RVSN USSR,"Site 132/2, Plesetsk Cosmodrome, Russia",Russia,USSR,"Mon Dec 25, 1972 23:05 UTC",1972.0,Cosmos-3M | Cosmos 540,Success
772,US Air Force,"SLC-4W, Vandenberg SFB, California, USA",USA,USA,"Thu Dec 21, 1972 17:45 UTC",1972.0,Titan III(24)B | OPS 3978,Success
773,RVSN USSR,"Site 132/2, Plesetsk Cosmodrome, Russia",Russia,USSR,"Thu Dec 21, 1972 02:05 UTC",1972.0,Cosmos-3M | Cosmos 539,Success
774,General Dynamics,"LC-13, Cape Canaveral SFS, Florida, USA",USA,USA,"Wed Dec 20, 1972 22:20 UTC",1972.0,Atlas-SLV3A Agena-D | AFP-827 (Canyon-5),Success
775,US Air Force,"SLC-5, Vandenberg SFB, California, USA",USA,USA,"Sat Dec 16, 1972 11:24 UTC",1972.0,Scout D1 | Aeros 1,Success
776,RVSN USSR,"Site 43/4, Plesetsk Cosmodrome, Russia",Russia,USSR,"Thu Dec 14, 1972 13:40 UTC",1972.0,Voskhod | Cosmos 538,Success
777,RVSN USSR,"Site 41/1, Plesetsk Cosmodrome, Russia",Russia,USSR,"Tue Dec 12, 1972 06:51 UTC",1972.0,Molniya-M /Block L | Molniya-2 n°31,Success
778,US Air Force,"SLC-2W, Vandenberg SFB, California, USA",USA,USA,"Mon Dec 11, 1972 07:56 UTC",1972.0,Delta 900 | Nimbus 5,Success
779,NASA,"LC-39A, Kennedy Space Center, Florida, USA",USA,USA,"Thu Dec 07, 1972 05:33 UTC",1972.0,Saturn V | Apollo 17,Success
780,RVSN USSR,"Site 1/5, Baikonur Cosmodrome, Kazakhstan",Kazakhstan,USSR,"Sat Dec 02, 1972 04:39 UTC",1972.0,Molniya-M /Block L | Molniya-1 n°30,Success
781,RVSN USSR,"Site 86/1, Kapustin Yar, Russia",Russia,USSR,"Thu Nov 30, 1972 21:49 UTC",1972.0,Cosmos-2 (63SM) | Intercosmos 8,Success
782,RVSN USSR,"Site 31/6, Baikonur Cosmodrome, Kazakhstan",Kazakhstan,USSR,"Sat Nov 25, 1972 09:10 UTC",1972.0,Voskhod | Cosmos 537,Success
783,RVSN USSR,"Site 110/37, Baikonur Cosmodrome, Kazakhstan",Kazakhstan,USSR,"Thu Nov 23, 1972 06:11 UTC",1972.0,N-1 L3 | 7K-LOK n°2 & LK n°4,Failure
784,US Air Force,"SLC-5, Vandenberg SFB, California, USA",USA,USA,"Wed Nov 22, 1972 00:17 UTC",1972.0,Scout D1 | ESRO 4,Success
785,ASI,"SM Launch Tab, San Marco Launch Platform, Kenya",Kenya,Other,"Wed Nov 15, 1972 22:13 UTC",1972.0,Scout D1 | Explorer 48 (SAS-B),Success
786,US Air Force,"SLC-17B, Cape Canaveral SFS, Florida, USA",USA,USA,"Fri Nov 10, 1972 01:14 UTC",1972.0,Delta 1914 | Anik-A1,Success
787,US Air Force,"SLC-10W (75-2-6), Vandenberg SFB, California, USA",USA,USA,"Thu Nov 09, 1972 03:23 UTC",1972.0,Thor-LV2D Burner-2 | DMSP-5B-F3,Success
788,RVSN USSR,"Site 132/1, Plesetsk Cosmodrome, Russia",Russia,USSR,"Fri Nov 03, 1972 01:34 UTC",1972.0,Cosmos-3M | Cosmos 536,Success
789,RVSN USSR,"Site 132/2, Plesetsk Cosmodrome, Russia",Russia,USSR,"Wed Nov 01, 1972 02:08 UTC",1972.0,Cosmos-3M | Cosmos 528 to 535,Success
790,RVSN USSR,"Site 43/4, Plesetsk Cosmodrome, Russia",Russia,USSR,"Tue Oct 31, 1972 13:29 UTC",1972.0,Voskhod | Cosmos 527,Success
791,RVSN USSR,"Site 43/4, Plesetsk Cosmodrome, Russia",Russia,USSR,"Thu Oct 26, 1972 22:05 UTC",1972.0,Vostok-2M | Meteor n°24,Success
792,RVSN USSR,"Site 133/3, Plesetsk Cosmodrome, Russia",Russia,USSR,"Wed Oct 25, 1972 10:39 UTC",1972.0,Cosmos-2 (63SM) | Cosmos 526,Success
793,RVSN USSR,"Site 43/4, Plesetsk Cosmodrome, Russia",Russia,USSR,"Wed Oct 18, 1972 11:59 UTC",1972.0,Voskhod | Cosmos 525,Success
794,RVSN USSR,"Site 132/1, Plesetsk Cosmodrome, Russia",Russia,USSR,"Tue Oct 17, 1972 19:59 UTC",1972.0,Cosmos-3M | Strela-2M satellite,Failure
795,US Air Force,"SLC-2W, Vandenberg SFB, California, USA",USA,USA,"Sun Oct 15, 1972 17:19 UTC",1972.0,Delta 300 | NOAA-2 & AMSAT-OSCAR 6,Success
796,RVSN USSR,"Site 41/1, Plesetsk Cosmodrome, Russia",Russia,USSR,"Sat Oct 14, 1972 06:16 UTC",1972.0,Molniya-M /Block L | Molniya-1 n°29,Success
797,RVSN USSR,"Site 133/3, Plesetsk Cosmodrome, Russia",Russia,USSR,"Wed Oct 11, 1972 13:19 UTC",1972.0,Cosmos-2 (63SM) | Cosmos 524,Success
798,Martin Marietta,"SLC-4E, Vandenberg SFB, California, USA",USA,USA,"Tue Oct 10, 1972 18:03 UTC",1972.0,Titan IIID | KH9-4 & SSF-C-3,Success
799,RVSN USSR,"Site 133/3, Plesetsk Cosmodrome, Russia",Russia,USSR,"Thu Oct 05, 1972 11:30 UTC",1972.0,Cosmos-2 (63SM) | Cosmos 523,Success
800,RVSN USSR,"Site 41/1, Plesetsk Cosmodrome, Russia",Russia,USSR,"Wed Oct 04, 1972 12:00 UTC",1972.0,Voskhod | Cosmos 522,Success
801,General Dynamics,"LC-576A1, Vandenberg SFB, California, USA",USA,USA,"Mon Oct 02, 1972 20:10 UTC",1972.0,Atlas-E/F Burner | P72-1,Success
802,RVSN USSR,"Site 41/1, Plesetsk Cosmodrome, Russia",Russia,USSR,"Sat Sep 30, 1972 20:19 UTC",1972.0,Molniya-M /Block L | Molniya-2 n°28,Success
803,RVSN USSR,"Site 132/2, Plesetsk Cosmodrome, Russia",Russia,USSR,"Fri Sep 29, 1972 20:18 UTC",1972.0,Cosmos-3M | Cosmos 521,Success
804,US Air Force,"SLC-17B, Cape Canaveral SFS, Florida, USA",USA,USA,"Sat Sep 23, 1972 01:20 UTC",1972.0,Delta 1604 | Explorer 47 (IMP-H),Success
805,RVSN USSR,"Site 41/1, Plesetsk Cosmodrome, Russia",Russia,USSR,"Tue Sep 19, 1972 19:19 UTC",1972.0,Molniya-M /Block 2BL | Cosmos 520,Success
806,RVSN USSR,"Site 31/6, Baikonur Cosmodrome, Kazakhstan",Kazakhstan,USSR,"Sat Sep 16, 1972 08:20 UTC",1972.0,Voskhod | Cosmos 519,Success
807,RVSN USSR,"Site 43/4, Plesetsk Cosmodrome, Russia",Russia,USSR,"Fri Sep 15, 1972 09:40 UTC",1972.0,Voskhod | Cosmos 518,Success
808,US Air Force,"SLC-5, Vandenberg SFB, California, USA",USA,USA,"Sat Sep 02, 1972 17:50 UTC",1972.0,Scout B1 | Triad 1,Success
809,RVSN USSR,"Site 43/4, Plesetsk Cosmodrome, Russia",Russia,USSR,"Sat Sep 02, 1972 10:49 UTC",1972.0,Voskhod | Zenit-4M n°40,Failure
810,US Air Force,"SLC-4W, Vandenberg SFB, California, USA",USA,USA,"Fri Sep 01, 1972 17:36 UTC",1972.0,Titan III(24)B | OPS 8888,Success
811,RVSN USSR,"Site 31/6, Baikonur Cosmodrome, Kazakhstan",Kazakhstan,USSR,"Wed Aug 30, 1972 08:19 UTC",1972.0,Voskhod | Cosmos 517,Success
812,RVSN USSR,"Site 90/19, Baikonur Cosmodrome, Kazakhstan",Kazakhstan,USSR,"Mon Aug 21, 1972 10:36 UTC",1972.0,Tsyklon-2 | Cosmos 516,Success
813,General Dynamics,"SLC-36B, Cape Canaveral SFS, Florida, USA",USA,USA,"Mon Aug 21, 1972 10:28 UTC",1972.0,Atlas-SLV3C Centaur-D | OAO-3,Success
814,ISAS,"Mu Pad, Uchinoura Space Center, Japan",Japan,Other,"Sat Aug 19, 1972 02:40 UTC",1972.0,Mu-IV S | Denpa,Success
815,RVSN USSR,"Site 43/4, Plesetsk Cosmodrome, Russia",Russia,USSR,"Fri Aug 18, 1972 10:00 UTC",1972.0,Voskhod | Cosmos 515,Success
816,RVSN USSR,"Site 132/2, Plesetsk Cosmodrome, Russia",Russia,USSR,"Wed Aug 16, 1972 13:40 UTC",1972.0,Cosmos-3M | Cosmos 514,Success
817,NASA,"LA-3, Wallops Flight Facility, Virginia, USA",USA,USA,"Sun Aug 13, 1972 15:10 UTC",1972.0,Scout D1 | Explorer 46 (MTS),Success
818,CASC,"Site 138 (LA-2B), Jiuquan Satellite Launch Center, China",China,Other,"Thu Aug 10, 1972 00:32 UTC",1972.0,Feng Bao 1 | Shiyan Peizhong,Success
819,RVSN USSR,"Site 31/6, Baikonur Cosmodrome, Kazakhstan",Kazakhstan,USSR,"Wed Aug 02, 1972 08:15 UTC",1972.0,Voskhod | Cosmos 513,Success
820,RVSN USSR,"Site 81/23, Baikonur Cosmodrome, Kazakhstan",Kazakhstan,USSR,"Sat Jul 29, 1972 03:20 UTC",1972.0,Proton-K/Block D | DOS-2,Failure
821,RVSN USSR,"Site 43/4, Plesetsk Cosmodrome, Russia",Russia,USSR,"Fri Jul 28, 1972 10:19 UTC",1972.0,Voskhod | Cosmos 512,Success
822,US Air Force,"SLC-2W, Vandenberg SFB, California, USA",USA,USA,"Sun Jul 23, 1972 18:06 UTC",1972.0,Delta 900 | Landsat 1,Success
823,RVSN USSR,"Site 132/2, Plesetsk Cosmodrome, Russia",Russia,USSR,"Thu Jul 20, 1972 18:10 UTC",1972.0,Cosmos-3M | Cosmos 504 to 511,Success
824,RVSN USSR,"Site 43/3, Plesetsk Cosmodrome, Russia",Russia,USSR,"Wed Jul 19, 1972 13:45 UTC",1972.0,Voskhod | Cosmos 503,Success
825,RVSN USSR,"Site 43/4, Plesetsk Cosmodrome, Russia",Russia,USSR,"Thu Jul 13, 1972 14:30 UTC",1972.0,Soyuz M | Cosmos 502,Partial Failure
826,RVSN USSR,"Site 86/1, Kapustin Yar, Russia",Russia,USSR,"Wed Jul 12, 1972 05:59 UTC",1972.0,Cosmos-2 (63SM) | Cosmos 501,Success
827,RVSN USSR,"Site 132/2, Plesetsk Cosmodrome, Russia",Russia,USSR,"Mon Jul 10, 1972 16:15 UTC",1972.0,Cosmos-3M | Cosmos 500,Success
828,Martin Marietta,"SLC-4E, Vandenberg SFB, California, USA",USA,USA,"Fri Jul 07, 1972 17:46 UTC",1972.0,Titan IIID | KH9-3 & SSF-B-23,Success
829,RVSN USSR,"Site 31/6, Baikonur Cosmodrome, Kazakhstan",Kazakhstan,USSR,"Thu Jul 06, 1972 10:40 UTC",1972.0,Voskhod | Cosmos 499,Success
830,RVSN USSR,"Site 133/3, Plesetsk Cosmodrome, Russia",Russia,USSR,"Wed Jul 05, 1972 09:29 UTC",1972.0,Cosmos-2 (63SM) | Cosmos 498,Success
831,RVSN USSR,"Site 41/1, Plesetsk Cosmodrome, Russia",Russia,USSR,"Fri Jun 30, 1972 18:52 UTC",1972.0,Vostok-2M | Meteor n°23,Success
832,RVSN USSR,"Site 133/3, Plesetsk Cosmodrome, Russia",Russia,USSR,"Fri Jun 30, 1972 09:19 UTC",1972.0,Cosmos-2 (63SM) | Cosmos 497,Success
833,RVSN USSR,"Site 86/1, Kapustin Yar, Russia",Russia,USSR,"Fri Jun 30, 1972 05:58 UTC",1972.0,Cosmos-2 (63SM) | Intercosmos 7,Success
834,RVSN USSR,"Site 31/6, Baikonur Cosmodrome, Kazakhstan",Kazakhstan,USSR,"Thu Jun 29, 1972 03:47 UTC",1972.0,Molniya-M /Block SO-L | Prognoz n°2,Success
835,RVSN USSR,"Site 1/5, Baikonur Cosmodrome, Kazakhstan",Kazakhstan,USSR,"Mon Jun 26, 1972 14:53 UTC",1972.0,Soyuz | Cosmos 496,Success
836,RVSN USSR,"Site 43/3, Plesetsk Cosmodrome, Russia",Russia,USSR,"Fri Jun 23, 1972 11:19 UTC",1972.0,Voskhod | Cosmos 495,Success
837,RVSN USSR,"Site 132/2, Plesetsk Cosmodrome, Russia",Russia,USSR,"Fri Jun 23, 1972 09:24 UTC",1972.0,Cosmos-3M | Cosmos 494,Success
838,RVSN USSR,"Site 31/6, Baikonur Cosmodrome, Kazakhstan",Kazakhstan,USSR,"Wed Jun 21, 1972 06:25 UTC",1972.0,Voskhod | Cosmos 493,Success
839,General Dynamics,"SLC-36B, Cape Canaveral SFS, Florida, USA",USA,USA,"Tue Jun 13, 1972 21:53 UTC",1972.0,Atlas-SLV3C Centaur-D | Intelsat 4 F5,Success
840,RVSN USSR,"Site 31/6, Baikonur Cosmodrome, Kazakhstan",Kazakhstan,USSR,"Fri Jun 09, 1972 06:59 UTC",1972.0,Voskhod | Cosmos 492,Success
841,US Air Force,"SLC-3W, Vandenberg SFB, California, USA",USA,USA,"Thu May 25, 1972 18:41 UTC",1972.0,Thorad SLV-2G Agena-D | KH-4B 1117,Success
842,RVSN USSR,"Site 31/6, Baikonur Cosmodrome, Kazakhstan",Kazakhstan,USSR,"Thu May 25, 1972 06:35 UTC",1972.0,Voskhod | Cosmos 491,Success
843,US Air Force,"SLC-4W, Vandenberg SFB, California, USA",USA,USA,"Sat May 20, 1972 15:30 UTC",1972.0,Titan III(24)B | OPS 6574,Failure
844,RVSN USSR,"Site 43/4, Plesetsk Cosmodrome, Russia",Russia,USSR,"Fri May 19, 1972 14:30 UTC",1972.0,Molniya-M /Block L | Molniya-2 n°27,Success
845,RVSN USSR,"Site 43/3, Plesetsk Cosmodrome, Russia",Russia,USSR,"Wed May 17, 1972 10:19 UTC",1972.0,Voskhod | Cosmos 490,Success
846,RVSN USSR,"Site 132/1, Plesetsk Cosmodrome, Russia",Russia,USSR,"Sat May 06, 1972 11:24 UTC",1972.0,Cosmos-3M | Cosmos 489,Success
847,RVSN USSR,"Site 43/4, Plesetsk Cosmodrome, Russia",Russia,USSR,"Fri May 05, 1972 11:20 UTC",1972.0,Voskhod | Cosmos 488,Success
848,RVSN USSR,"Site 133/3, Plesetsk Cosmodrome, Russia",Russia,USSR,"Tue Apr 25, 1972 11:29 UTC",1972.0,Cosmos-2 (63SM) | DS-P1-You #51,Failure
849,RVSN USSR,"Site 133/3, Plesetsk Cosmodrome, Russia",Russia,USSR,"Fri Apr 21, 1972 11:59 UTC",1972.0,Cosmos-2 (63SM) | Cosmos 487,Success
850,US Air Force,"SLC-3W, Vandenberg SFB, California, USA",USA,USA,"Wed Apr 19, 1972 21:43 UTC",1972.0,Thorad SLV-2G Agena-D | KH-4B 1116,Success
851,NASA,"LC-39A, Kennedy Space Center, Florida, USA",USA,USA,"Sun Apr 16, 1972 17:54 UTC",1972.0,Saturn V | Apollo 16,Success
852,RVSN USSR,"Site 43/3, Plesetsk Cosmodrome, Russia",Russia,USSR,"Fri Apr 14, 1972 08:00 UTC",1972.0,Voskhod | Cosmos 486,Success
853,RVSN USSR,"Site 31/6, Baikonur Cosmodrome, Kazakhstan",Kazakhstan,USSR,"Fri Apr 14, 1972 00:54 UTC",1972.0,Molniya-M /Block SO-L | Prognoz n°1,Success
854,RVSN USSR,"Site 133/3, Plesetsk Cosmodrome, Russia",Russia,USSR,"Tue Apr 11, 1972 11:04 UTC",1972.0,Cosmos-2 (63SM) | Cosmos 485,Success
855,RVSN USSR,"Site 31/6, Baikonur Cosmodrome, Kazakhstan",Kazakhstan,USSR,"Fri Apr 07, 1972 10:00 UTC",1972.0,Voskhod | Intercosmos 6,Success
856,RVSN USSR,"Site 43/3, Plesetsk Cosmodrome, Russia",Russia,USSR,"Thu Apr 06, 1972 08:00 UTC",1972.0,Voskhod | Cosmos 484,Success
857,RVSN USSR,"Site 43/4, Plesetsk Cosmodrome, Russia",Russia,USSR,"Tue Apr 04, 1972 20:38 UTC",1972.0,Molniya-M /Block L | Molniya-1 n°26 & SRET-1,Success
858,RVSN USSR,"Site 41/1, Plesetsk Cosmodrome, Russia",Russia,USSR,"Mon Apr 03, 1972 10:15 UTC",1972.0,Voskhod | Cosmos 483,Success
859,RVSN USSR,"Site 31/6, Baikonur Cosmodrome, Kazakhstan",Kazakhstan,USSR,"Fri Mar 31, 1972 04:02 UTC",1972.0,Molniya-M /Block NVL | Cosmos 482,Partial Failure
860,RVSN USSR,"Site 41/1, Plesetsk Cosmodrome, Russia",Russia,USSR,"Thu Mar 30, 1972 14:05 UTC",1972.0,Vostok-2M | Meteor n°22,Success
861,RVSN USSR,"Site 31/6, Baikonur Cosmodrome, Kazakhstan",Kazakhstan,USSR,"Mon Mar 27, 1972 04:15 UTC",1972.0,Molniya-M /Block NVL | Venera 8,Success
862,RVSN USSR,"Site 133/3, Plesetsk Cosmodrome, Russia",Russia,USSR,"Sat Mar 25, 1972 10:39 UTC",1972.0,Cosmos-2 (63SM) | Cosmos 481,Success
863,RVSN USSR,"Site 132/2, Plesetsk Cosmodrome, Russia",Russia,USSR,"Sat Mar 25, 1972 02:20 UTC",1972.0,Cosmos-3M | Cosmos 480,Success
864,US Air Force,"SLC-10W (75-2-6), Vandenberg SFB, California, USA",USA,USA,"Fri Mar 24, 1972 08:46 UTC",1972.0,Thor-LV2D Burner-2 | DMSP-5B-F2,Success
865,RVSN USSR,"Site 132/2, Plesetsk Cosmodrome, Russia",Russia,USSR,"Wed Mar 22, 1972 20:30 UTC",1972.0,Cosmos-3M | Cosmos 479,Success
866,US Air Force,"SLC-4W, Vandenberg SFB, California, USA",USA,USA,"Fri Mar 17, 1972 17:00 UTC",1972.0,Titan III(24)B | OPS 1678,Success
867,RVSN USSR,"Site 43/3, Plesetsk Cosmodrome, Russia",Russia,USSR,"Wed Mar 15, 1972 13:00 UTC",1972.0,Voskhod | Cosmos 478,Success
868,US Air Force,"SLC-2E (75-1-1), Vandenberg SFB, California, USA",USA,USA,"Sun Mar 12, 1972 01:55 UTC",1972.0,Delta N | TD-1A,Success
869,RVSN USSR,"Site 41/1, Plesetsk Cosmodrome, Russia",Russia,USSR,"Sat Mar 04, 1972 10:00 UTC",1972.0,Voskhod | Cosmos 477,Success
870,General Dynamics,"SLC-36A, Cape Canaveral SFS, Florida, USA",USA,USA,"Fri Mar 03, 1972 01:49 UTC",1972.0,Atlas-SLV3C Centaur-D | Pioneer 10,Success
871,RVSN USSR,"Site 43/4, Plesetsk Cosmodrome, Russia",Russia,USSR,"Wed Mar 01, 1972 11:15 UTC",1972.0,Vostok-2M | Cosmos 476,Success
872,Martin Marietta,"SLC-40, Cape Canaveral SFS, Florida, USA",USA,USA,"Wed Mar 01, 1972 09:39 UTC",1972.0,Titan III(23)C | DSP-3,Success
873,RVSN USSR,"Site 132/2, Plesetsk Cosmodrome, Russia",Russia,USSR,"Fri Feb 25, 1972 07:52 UTC",1972.0,Cosmos-3M | Cosmos 475,Success
874,Martin Marietta,"SLC-4W, Vandenberg SFB, California, USA",USA,USA,"Wed Feb 16, 1972 09:59 UTC",1972.0,Titan-III(33)B Agena-D | Jumpseat 2,Failure
875,RVSN USSR,"Site 31/6, Baikonur Cosmodrome, Kazakhstan",Kazakhstan,USSR,"Wed Feb 16, 1972 09:30 UTC",1972.0,Voskhod | Cosmos 474,Success
876,RVSN USSR,"Site 81/24, Baikonur Cosmodrome, Kazakhstan",Kazakhstan,USSR,"Mon Feb 14, 1972 03:27 UTC",1972.0,Proton-K/Block D | Luna 20,Success
877,RVSN USSR,"Site 86/1, Kapustin Yar, Russia",Russia,USSR,"Tue Feb 08, 1972 05:59 UTC",1972.0,K65M-RB5 | BOR-2 n°204,Success
878,RVSN USSR,"Site 31/6, Baikonur Cosmodrome, Kazakhstan",Kazakhstan,USSR,"Thu Feb 03, 1972 08:40 UTC",1972.0,Voskhod | Cosmos 473,Success
879,US Air Force,"SLC-2E (75-1-1), Vandenberg SFB, California, USA",USA,USA,"Mon Jan 31, 1972 17:20 UTC",1972.0,Delta L | HEOS-2,Success
880,RVSN USSR,"Site 133/3, Plesetsk Cosmodrome, Russia",Russia,USSR,"Tue Jan 25, 1972 11:15 UTC",1972.0,Cosmos-2 (63SM) | Cosmos 472,Success
881,General Dynamics,"SLC-36B, Cape Canaveral SFS, Florida, USA",USA,USA,"Sun Jan 23, 1972 00:12 UTC",1972.0,Atlas-SLV3C Centaur-D | Intelsat 4 F4,Success
882,Martin Marietta,"SLC-4E, Vandenberg SFB, California, USA",USA,USA,"Thu Jan 20, 1972 18:36 UTC",1972.0,Titan IIID | KH9-2 & SSF-B-22,Success
883,RVSN USSR,"Site 31/6, Baikonur Cosmodrome, Kazakhstan",Kazakhstan,USSR,"Wed Jan 12, 1972 09:59 UTC",1972.0,Voskhod | Cosmos 471,Success
884,RVSN USSR,"Site 43/4, Plesetsk Cosmodrome, Russia",Russia,USSR,"Wed Dec 29, 1971 10:50 UTC",1971.0,Vostok-2M | Meteor n°21,Success
885,RVSN USSR,"Site 132/1, Plesetsk Cosmodrome, Russia",Russia,USSR,"Mon Dec 27, 1971 19:00 UTC",1971.0,Cosmos-3M | Auréole 1,Success
886,RVSN USSR,"Site 41/1, Plesetsk Cosmodrome, Russia",Russia,USSR,"Mon Dec 27, 1971 14:04 UTC",1971.0,Soyuz M | Cosmos 470,Partial Failure
887,RVSN USSR,"Site 90/19, Baikonur Cosmodrome, Kazakhstan",Kazakhstan,USSR,"Sat Dec 25, 1971 11:29 UTC",1971.0,Tsyklon-2 | Cosmos 469,Success
888,General Dynamics,"SLC-36A, Cape Canaveral SFS, Florida, USA",USA,USA,"Mon Dec 20, 1971 01:10 UTC",1971.0,Atlas-SLV3C Centaur-D | Intelsat 4 F3,Success
889,RVSN USSR,"Site 43/4, Plesetsk Cosmodrome, Russia",Russia,USSR,"Sun Dec 19, 1971 22:50 UTC",1971.0,Molniya-M /Block L | Molniya-1 n°25,Success
890,RVSN USSR,"Site 132/2, Plesetsk Cosmodrome, Russia",Russia,USSR,"Fri Dec 17, 1971 13:00 UTC",1971.0,Cosmos-3M | Cosmos 468,Success
891,RVSN USSR,"Site 133/3, Plesetsk Cosmodrome, Russia",Russia,USSR,"Fri Dec 17, 1971 10:39 UTC",1971.0,Cosmos-2 (63SM) | Cosmos 467,Success
892,RVSN USSR,"Site 31/6, Baikonur Cosmodrome, Kazakhstan",Kazakhstan,USSR,"Thu Dec 16, 1971 09:39 UTC",1971.0,Voskhod | Cosmos 466,Success
893,RVSN USSR,"Site 132/2, Plesetsk Cosmodrome, Russia",Russia,USSR,"Wed Dec 15, 1971 04:31 UTC",1971.0,Cosmos-3M | Cosmos 465,Success
894,US Air Force,"SLC-1W (75-3-4), Vandenberg SFB, California, USA",USA,USA,"Tue Dec 14, 1971 12:13 UTC",1971.0,Thorad SLV-2G Agena-D | OPS 7898,Success
895,US Air Force,"SLC-5, Vandenberg SFB, California, USA",USA,USA,"Sat Dec 11, 1971 20:47 UTC",1971.0,Scout B1 | Ariel 4,Success
896,RVSN USSR,"Site 43/3, Plesetsk Cosmodrome, Russia",Russia,USSR,"Fri Dec 10, 1971 11:00 UTC",1971.0,Voskhod | Cosmos 464,Success
897,RVSN USSR,"Site 31/6, Baikonur Cosmodrome, Kazakhstan",Kazakhstan,USSR,"Mon Dec 06, 1971 09:50 UTC",1971.0,Voskhod | Cosmos 463,Success
898,CNES,"ELD, Guiana Space Centre, French Guiana, France",France,Other,"Sun Dec 05, 1971 16:20 UTC",1971.0,Diamant B | Polaire,Failure
899,General Dynamics,"LC-13, Cape Canaveral SFS, Florida, USA",USA,USA,"Sat Dec 04, 1971 22:33 UTC",1971.0,Atlas-SLV3A Agena-D | AFP-827 (Canyon-4),Failure
900,RVSN USSR,"Site 90/20, Baikonur Cosmodrome, Kazakhstan",Kazakhstan,USSR,"Fri Dec 03, 1971 13:19 UTC",1971.0,Tsyklon-2 | Cosmos 462,Success
901,RVSN USSR,"Site 43/4, Plesetsk Cosmodrome, Russia",Russia,USSR,"Fri Dec 03, 1971 13:00 UTC",1971.0,Voskhod | Zenit-2M n°25,Failure
902,RVSN USSR,"Site 132/1, Plesetsk Cosmodrome, Russia",Russia,USSR,"Thu Dec 02, 1971 17:30 UTC",1971.0,Cosmos-3M | Cosmos 461,Success
903,RVSN USSR,"Site 86/1, Kapustin Yar, Russia",Russia,USSR,"Thu Dec 02, 1971 08:25 UTC",1971.0,Cosmos-2 (63SM) | Intercosmos 5,Success
904,RVSN USSR,"Site 132/2, Plesetsk Cosmodrome, Russia",Russia,USSR,"Tue Nov 30, 1971 16:39 UTC",1971.0,Cosmos-3M | Cosmos 460,Success
905,RVSN USSR,"Site 132/1, Plesetsk Cosmodrome, Russia",Russia,USSR,"Mon Nov 29, 1971 17:30 UTC",1971.0,Cosmos-3M | Cosmos 459,Success
906,RVSN USSR,"Site 133/3, Plesetsk Cosmodrome, Russia",Russia,USSR,"Mon Nov 29, 1971 10:09 UTC",1971.0,Cosmos-2 (63SM) | Cosmos 458,Success
907,RVSN USSR,"Site 43/4, Plesetsk Cosmodrome, Russia",Russia,USSR,"Wed Nov 24, 1971 09:30 UTC",1971.0,Molniya-M /Block L | Molniya-2 n°24,Success
908,RVSN USSR,"Site 132/2, Plesetsk Cosmodrome, Russia",Russia,USSR,"Sat Nov 20, 1971 18:00 UTC",1971.0,Cosmos-3M | Cosmos 457,Success
909,RVSN USSR,"Site 43/3, Plesetsk Cosmodrome, Russia",Russia,USSR,"Fri Nov 19, 1971 12:00 UTC",1971.0,Voskhod | Cosmos 456,Partial Failure
910,RVSN USSR,"Site 133/3, Plesetsk Cosmodrome, Russia",Russia,USSR,"Wed Nov 17, 1971 11:09 UTC",1971.0,Cosmos-2 (63SM) | Cosmos 455,Success
911,ASI,"SM Launch Tab, San Marco Launch Platform, Kenya",Kenya,Other,"Mon Nov 15, 1971 05:52 UTC",1971.0,Scout B | Explorer 45 (S-CubedA),Success
912,CECLES,"ELA-1, Guiana Space Centre, French Guiana, France",France,Other,"Fri Nov 05, 1971 13:00 UTC",1971.0,Europa 2 | STV-4,Failure
913,Martin Marietta,"SLC-40, Cape Canaveral SFS, Florida, USA",USA,USA,"Wed Nov 03, 1971 03:09 UTC",1971.0,Titan III(23)C | DSCS-II 1&2,Success
914,RVSN USSR,"Site 41/1, Plesetsk Cosmodrome, Russia",Russia,USSR,"Tue Nov 02, 1971 14:25 UTC",1971.0,Voskhod | Cosmos 454,Success
915,RAE,"LA-5B, RAAF Woomera Range Complex, Australia",Australia,Other,"Thu Oct 28, 1971 04:09 UTC",1971.0,Black Arrow | Prospero,Success
916,US Air Force,"SLC-4W, Vandenberg SFB, California, USA",USA,USA,"Sat Oct 23, 1971 17:10 UTC",1971.0,Titan III(24)B | OPS 7616,Success
917,US Air Force,"SLC-2E (75-1-1), Vandenberg SFB, California, USA",USA,USA,"Thu Oct 21, 1971 11:32 UTC",1971.0,Delta N6 | ITOS-B,Failure
918,RVSN USSR,"Site 133/3, Plesetsk Cosmodrome, Russia",Russia,USSR,"Tue Oct 19, 1971 12:40 UTC",1971.0,Cosmos-2 (63SM) | Cosmos 453,Success
919,US Air Force,"SLC-1W (75-3-4), Vandenberg SFB, California, USA",USA,USA,"Sun Oct 17, 1971 13:36 UTC",1971.0,Thorad SLV-2G Agena-D | ASTEX,Success
920,RVSN USSR,"Site 31/6, Baikonur Cosmodrome, Kazakhstan",Kazakhstan,USSR,"Thu Oct 14, 1971 09:00 UTC",1971.0,Voskhod | Cosmos 452,Success
921,US Air Force,"SLC-10W (75-2-6), Vandenberg SFB, California, USA",USA,USA,"Thu Oct 14, 1971 07:51 UTC",1971.0,Thor-LV2D Burner-2 | DMSP-5B-F1,Success
922,RVSN USSR,"Site 132/2, Plesetsk Cosmodrome, Russia",Russia,USSR,"Wed Oct 13, 1971 13:41 UTC",1971.0,Cosmos-3M | Cosmos 444 to 451,Success
923,RVSN USSR,"Site 43/3, Plesetsk Cosmodrome, Russia",Russia,USSR,"Thu Oct 07, 1971 12:30 UTC",1971.0,Voskhod | Cosmos 443,Success
924,RVSN USSR,"Site 43/3, Plesetsk Cosmodrome, Russia",Russia,USSR,"Wed Sep 29, 1971 11:30 UTC",1971.0,Voskhod | Cosmos 442,Success
925,US Air Force,"SLC-17A, Cape Canaveral SFS, Florida, USA",USA,USA,"Wed Sep 29, 1971 09:45 UTC",1971.0,Delta N | OSO 7 & TTS-4,Success
926,RVSN USSR,"Site 81/24, Baikonur Cosmodrome, Kazakhstan",Kazakhstan,USSR,"Tue Sep 28, 1971 10:00 UTC",1971.0,Proton-K/Block D | Luna 19,Success
927,RVSN USSR,"Site 31/6, Baikonur Cosmodrome, Kazakhstan",Kazakhstan,USSR,"Tue Sep 28, 1971 07:40 UTC",1971.0,Voskhod | Cosmos 441,Success
928,ISAS,"Mu Pad, Uchinoura Space Center, Japan",Japan,Other,"Tue Sep 28, 1971 04:00 UTC",1971.0,Mu-IV S | Shinsei,Success
929,RVSN USSR,"Site 133/3, Plesetsk Cosmodrome, Russia",Russia,USSR,"Fri Sep 24, 1971 10:30 UTC",1971.0,Cosmos-2 (63SM) | Cosmos 440,Success
930,RVSN USSR,"Site 43/3, Plesetsk Cosmodrome, Russia",Russia,USSR,"Tue Sep 21, 1971 12:00 UTC",1971.0,Voskhod | Cosmos 439,Success
931,RVSN USSR,"Site 41/1, Plesetsk Cosmodrome, Russia",Russia,USSR,"Tue Sep 14, 1971 13:00 UTC",1971.0,Voskhod | Cosmos 438,Success
932,US Air Force,"SLC-3W, Vandenberg SFB, California, USA",USA,USA,"Fri Sep 10, 1971 21:32 UTC",1971.0,Thorad SLV-2G Agena-D | KH-4B 1115,Success
933,RVSN USSR,"Site 132/2, Plesetsk Cosmodrome, Russia",Russia,USSR,"Fri Sep 10, 1971 03:37 UTC",1971.0,Cosmos-3M | Cosmos 437,Success
934,RVSN USSR,"Site 132/2, Plesetsk Cosmodrome, Russia",Russia,USSR,"Tue Sep 07, 1971 01:15 UTC",1971.0,Cosmos-3M | Cosmos 436,Success
935,RVSN USSR,"Site 81/24, Baikonur Cosmodrome, Kazakhstan",Kazakhstan,USSR,"Thu Sep 02, 1971 13:40 UTC",1971.0,Proton-K/Block D | Luna 18,Success
936,RVSN USSR,"Site 133/3, Plesetsk Cosmodrome, Russia",Russia,USSR,"Fri Aug 27, 1971 10:54 UTC",1971.0,Cosmos-2 (63SM) | Cosmos 435,Success
937,RVSN USSR,"Site 31/6, Baikonur Cosmodrome, Kazakhstan",Kazakhstan,USSR,"Thu Aug 19, 1971 06:30 UTC",1971.0,Voskhod | Zenit-2M n°22,Failure
938,NASA,"LA-3, Wallops Flight Facility, Virginia, USA",USA,USA,"Mon Aug 16, 1971 18:39 UTC",1971.0,Scout B1 | Eole,Success
939,US Air Force,"SLC-4W, Vandenberg SFB, California, USA",USA,USA,"Thu Aug 12, 1971 15:30 UTC",1971.0,Titan III(24)B | OPS 8607,Success
940,RVSN USSR,"Site 31/6, Baikonur Cosmodrome, Kazakhstan",Kazakhstan,USSR,"Thu Aug 12, 1971 05:30 UTC",1971.0,Soyuz L | Cosmos 434 (T2K lander),Success
941,RVSN USSR,"Site 161/61, Baikonur Cosmodrome, Kazakhstan",Kazakhstan,USSR,"Sun Aug 08, 1971 23:45 UTC",1971.0,R-36 Orb. | Cosmos 433,Success
942,General Dynamics,"LC-576A2, Vandenberg SFB, California, USA",USA,USA,"Sat Aug 07, 1971 00:11 UTC",1971.0,Atlas-E/F OV1 | OV1-20 OV1-21,Success
943,RVSN USSR,"Site 31/6, Baikonur Cosmodrome, Kazakhstan",Kazakhstan,USSR,"Thu Aug 05, 1971 10:00 UTC",1971.0,Voskhod | Cosmos 432,Success
944,RVSN USSR,"Site 133/3, Plesetsk Cosmodrome, Russia",Russia,USSR,"Tue Aug 03, 1971 11:00 UTC",1971.0,Cosmos-2 (63SM) | DS-P1-You #33,Failure
945,RVSN USSR,"Site 31/6, Baikonur Cosmodrome, Kazakhstan",Kazakhstan,USSR,"Fri Jul 30, 1971 08:29 UTC",1971.0,Voskhod | Cosmos 431,Success
946,RVSN USSR,"Site 43/4, Plesetsk Cosmodrome, Russia",Russia,USSR,"Wed Jul 28, 1971 03:29 UTC",1971.0,Molniya-M /Block L | Molniya-1 n°20,Success
947,NASA,"LC-39A, Kennedy Space Center, Florida, USA",USA,USA,"Mon Jul 26, 1971 13:34 UTC",1971.0,Saturn V | Apollo 15,Success
948,RVSN USSR,"Site 43/3, Plesetsk Cosmodrome, Russia",Russia,USSR,"Fri Jul 23, 1971 11:00 UTC",1971.0,Voskhod | Cosmos 430,Success
949,RVSN USSR,"Site 132/2, Plesetsk Cosmodrome, Russia",Russia,USSR,"Thu Jul 22, 1971 13:45 UTC",1971.0,Cosmos-3M | Tselina-OM #10,Failure
950,RVSN USSR,"Site 31/6, Baikonur Cosmodrome, Kazakhstan",Kazakhstan,USSR,"Tue Jul 20, 1971 10:00 UTC",1971.0,Voskhod | Cosmos 429,Success
951,US Air Force,"SLC-1W (75-3-4), Vandenberg SFB, California, USA",USA,USA,"Fri Jul 16, 1971 10:49 UTC",1971.0,Thorad SLV-2G Agena-D | Ferret 16,Success
952,RVSN USSR,"Site 43/4, Plesetsk Cosmodrome, Russia",Russia,USSR,"Fri Jul 16, 1971 01:41 UTC",1971.0,Vostok-2M | Meteor n°20,Success
953,NASA,"LA-3, Wallops Flight Facility, Virginia, USA",USA,USA,"Thu Jul 08, 1971 22:58 UTC",1971.0,Scout B | Solrad 10,Success
954,RVSN USSR,"Site 110/37, Baikonur Cosmodrome, Kazakhstan",Kazakhstan,USSR,"Sat Jun 26, 1971 23:15 UTC",1971.0,N-1 L3 | 7K-LOK n°1 & LK n°3,Failure
955,RVSN USSR,"Site 43/4, Plesetsk Cosmodrome, Russia",Russia,USSR,"Fri Jun 25, 1971 10:30 UTC",1971.0,Voskhod | Zenit-4M n°17,Failure
956,RVSN USSR,"Site 31/6, Baikonur Cosmodrome, Kazakhstan",Kazakhstan,USSR,"Thu Jun 24, 1971 07:59 UTC",1971.0,Voskhod | Cosmos 428,Success
957,Martin Marietta,"SLC-4E, Vandenberg SFB, California, USA",USA,USA,"Tue Jun 15, 1971 18:41 UTC",1971.0,Titan IIID | KH9-1,Success
958,RVSN USSR,"Site 43/4, Plesetsk Cosmodrome, Russia",Russia,USSR,"Fri Jun 11, 1971 10:00 UTC",1971.0,Voskhod | Cosmos 427,Success
959,US Air Force,"SLC-10W (75-2-6), Vandenberg SFB, California, USA",USA,USA,"Tue Jun 08, 1971 14:00 UTC",1971.0,Thor-LV2D Burner-2 | SESP-1,Success
960,RVSN USSR,"Site 1/5, Baikonur Cosmodrome, Kazakhstan",Kazakhstan,USSR,"Sun Jun 06, 1971 04:55 UTC",1971.0,Soyuz | Soyuz 11,Success
961,RVSN USSR,"Site 132/2, Plesetsk Cosmodrome, Russia",Russia,USSR,"Fri Jun 04, 1971 18:10 UTC",1971.0,Cosmos-3M | Cosmos 426,Success
962,General Dynamics,"SLC-36B, Cape Canaveral SFS, Florida, USA",USA,USA,"Sun May 30, 1971 22:23 UTC",1971.0,Atlas-SLV3C Centaur-D | Mariner 9,Success
963,RVSN USSR,"Site 132/1, Plesetsk Cosmodrome, Russia",Russia,USSR,"Sat May 29, 1971 03:49 UTC",1971.0,Cosmos-3M | Cosmos 425,Success
964,RVSN USSR,"Site 81/23, Baikonur Cosmodrome, Kazakhstan",Kazakhstan,USSR,"Fri May 28, 1971 15:26 UTC",1971.0,Proton-K/Block D | Mars 3,Success
965,RVSN USSR,"Site 43/4, Plesetsk Cosmodrome, Russia",Russia,USSR,"Fri May 28, 1971 10:30 UTC",1971.0,Voskhod | Cosmos 424,Success
966,RVSN USSR,"Site 133/3, Plesetsk Cosmodrome, Russia",Russia,USSR,"Thu May 27, 1971 11:59 UTC",1971.0,Cosmos-2 (63SM) | Cosmos 423,Success
967,RVSN USSR,"Site 132/1, Plesetsk Cosmodrome, Russia",Russia,USSR,"Sat May 22, 1971 00:51 UTC",1971.0,Cosmos-3M | Cosmos 422,Success
968,RVSN USSR,"Site 81/24, Baikonur Cosmodrome, Kazakhstan",Kazakhstan,USSR,"Wed May 19, 1971 16:22 UTC",1971.0,Proton-K/Block D | Mars 2,Success
969,RVSN USSR,"Site 133/3, Plesetsk Cosmodrome, Russia",Russia,USSR,"Wed May 19, 1971 10:20 UTC",1971.0,Cosmos-2 (63SM) | Cosmos 421,Success
970,RVSN USSR,"Site 31/6, Baikonur Cosmodrome, Kazakhstan",Kazakhstan,USSR,"Tue May 18, 1971 08:00 UTC",1971.0,Voskhod | Cosmos 420,Success
971,RVSN USSR,"Site 81/23, Baikonur Cosmodrome, Kazakhstan",Kazakhstan,USSR,"Mon May 10, 1971 16:58 UTC",1971.0,Proton-K/Block D | Cosmos 419,Failure
972,General Dynamics,"SLC-36A, Cape Canaveral SFS, Florida, USA",USA,USA,"Sun May 09, 1971 01:11 UTC",1971.0,Atlas-SLV3C Centaur-D | Mariner 8,Failure
973,RVSN USSR,"Site 132/1, Plesetsk Cosmodrome, Russia",Russia,USSR,"Fri May 07, 1971 14:20 UTC",1971.0,Cosmos-3M | Cosmos 411 to 418,Success
974,RVSN USSR,"Site 31/6, Baikonur Cosmodrome, Kazakhstan",Kazakhstan,USSR,"Thu May 06, 1971 06:20 UTC",1971.0,Voskhod | Cosmos 410,Success
975,Martin Marietta,"SLC-40, Cape Canaveral SFS, Florida, USA",USA,USA,"Wed May 05, 1971 07:43 UTC",1971.0,Titan III(23)C | DSP-2,Success
976,RVSN USSR,"Site 132/1, Plesetsk Cosmodrome, Russia",Russia,USSR,"Wed Apr 28, 1971 14:35 UTC",1971.0,Cosmos-3M | Cosmos 409,Success
977,RVSN USSR,"Site 133/3, Plesetsk Cosmodrome, Russia",Russia,USSR,"Sat Apr 24, 1971 11:15 UTC",1971.0,Cosmos-2 (63SM) | Cosmos 408,Success
978,ASI,"SM Launch Tab, San Marco Launch Platform, Kenya",Kenya,Other,"Sat Apr 24, 1971 07:32 UTC",1971.0,Scout B | San Marco 3,Success
979,RVSN USSR,"Site 132/1, Plesetsk Cosmodrome, Russia",Russia,USSR,"Fri Apr 23, 1971 11:30 UTC",1971.0,Cosmos-3M | Cosmos 407,Success
980,RVSN USSR,"Site 1/5, Baikonur Cosmodrome, Kazakhstan",Kazakhstan,USSR,"Thu Apr 22, 1971 23:54 UTC",1971.0,Soyuz | Soyuz 10,Success
981,US Air Force,"SLC-4W, Vandenberg SFB, California, USA",USA,USA,"Thu Apr 22, 1971 15:30 UTC",1971.0,Titan III(23)B | OPS 7899,Success
982,RVSN USSR,"Site 86/1, Kapustin Yar, Russia",Russia,USSR,"Thu Apr 22, 1971 04:22 UTC",1971.0,K65M-RB5 | BOR-2 n°203,Success
983,RVSN USSR,"Site 81/24, Baikonur Cosmodrome, Kazakhstan",Kazakhstan,USSR,"Mon Apr 19, 1971 01:40 UTC",1971.0,Proton-K | Salyut 1,Success
984,RVSN USSR,"Site 43/4, Plesetsk Cosmodrome, Russia",Russia,USSR,"Sat Apr 17, 1971 11:44 UTC",1971.0,Vostok-2M | Meteor n°19,Success
985,CNES,"ELD, Guiana Space Centre, French Guiana, France",France,Other,"Thu Apr 15, 1971 09:19 UTC",1971.0,Diamant B | Tournesol,Success
986,RVSN USSR,"Site 43/3, Plesetsk Cosmodrome, Russia",Russia,USSR,"Wed Apr 14, 1971 08:00 UTC",1971.0,Voskhod | Cosmos 406,Success
987,RVSN USSR,"Site 43/4, Plesetsk Cosmodrome, Russia",Russia,USSR,"Wed Apr 07, 1971 07:10 UTC",1971.0,Vostok-2M | Cosmos 405,Success
988,RVSN USSR,"Site 90/20, Baikonur Cosmodrome, Kazakhstan",Kazakhstan,USSR,"Sun Apr 04, 1971 14:27 UTC",1971.0,Tsyklon-2 | Cosmos 404,Success
989,RVSN USSR,"Site 43/3, Plesetsk Cosmodrome, Russia",Russia,USSR,"Fri Apr 02, 1971 08:20 UTC",1971.0,Voskhod | Cosmos 403,Success
990,RVSN USSR,"Site 90/19, Baikonur Cosmodrome, Kazakhstan",Kazakhstan,USSR,"Thu Apr 01, 1971 11:29 UTC",1971.0,Tsyklon-2 | Cosmos 402,Success
991,US Air Force,"SLC-2E (75-1-1), Vandenberg SFB, California, USA",USA,USA,"Thu Apr 01, 1971 02:57 UTC",1971.0,Delta E1 | ISIS-II,Success
992,RVSN USSR,"Site 43/4, Plesetsk Cosmodrome, Russia",Russia,USSR,"Sat Mar 27, 1971 10:59 UTC",1971.0,Voskhod | Cosmos 401,Success
993,US Air Force,"SLC-3W, Vandenberg SFB, California, USA",USA,USA,"Wed Mar 24, 1971 21:06 UTC",1971.0,Thorad SLV-2G Agena-D | KH-4B 1114,Success
994,Martin Marietta,"SLC-4W, Vandenberg SFB, California, USA",USA,USA,"Sun Mar 21, 1971 03:45 UTC",1971.0,Titan-III(33)B Agena-D | Jumpseat 1,Success
995,RVSN USSR,"Site 132/1, Plesetsk Cosmodrome, Russia",Russia,USSR,"Thu Mar 18, 1971 21:45 UTC",1971.0,Cosmos-3M | Cosmos 400,Success
996,US Air Force,"SLC-17A, Cape Canaveral SFS, Florida, USA",USA,USA,"Sat Mar 13, 1971 16:15 UTC",1971.0,Delta M6 | Explorer 43 (IMP-I),Success
997,RVSN USSR,"Site 86/1, Kapustin Yar, Russia",Russia,USSR,"Fri Mar 05, 1971 08:15 UTC",1971.0,Cosmos-2 (63SM) | DS-P1-You #39,Failure
998,RVSN USSR,"Site 43/4, Plesetsk Cosmodrome, Russia",Russia,USSR,"Fri Mar 05, 1971 01:02 UTC",1971.0,Voskhod | Zenit-2M n°17,Failure
999,CASC,"Site 5020 (LA-2A), Jiuquan Satellite Launch Center, China",China,Other,"Wed Mar 03, 1971 12:15 UTC",1971.0,Long March 1 | Shijian 1,Success
1000,RVSN USSR,"Site 31/6, Baikonur Cosmodrome, Kazakhstan",Kazakhstan,USSR,"Wed Mar 03, 1971 09:30 UTC",1971.0,Voskhod | Cosmos 399,Success
1001,RVSN USSR,"Site 31/6, Baikonur Cosmodrome, Kazakhstan",Kazakhstan,USSR,"Fri Feb 26, 1971 05:06 UTC",1971.0,Soyuz L | Cosmos 398 (T2K lander),Success
1002,RVSN USSR,"Site 90/20, Baikonur Cosmodrome, Kazakhstan",Kazakhstan,USSR,"Thu Feb 25, 1971 11:11 UTC",1971.0,Tsyklon-2 | Cosmos 397,Success
1003,RVSN USSR,"Site 43/3, Plesetsk Cosmodrome, Russia",Russia,USSR,"Thu Feb 18, 1971 13:59 UTC",1971.0,Voskhod | Cosmos 396,Success
1004,RVSN USSR,"Site 132/1, Plesetsk Cosmodrome, Russia",Russia,USSR,"Wed Feb 17, 1971 21:09 UTC",1971.0,Cosmos-3M | Cosmos 395,Success
1005,US Air Force,"SLC-3W, Vandenberg SFB, California, USA",USA,USA,"Wed Feb 17, 1971 20:04 UTC",1971.0,Thorad SLV-2G Agena-D | KH-4B 1113,Success
1006,US Air Force,"SLC-10W (75-2-6), Vandenberg SFB, California, USA",USA,USA,"Wed Feb 17, 1971 03:52 UTC",1971.0,Thor-LV2D Burner-2 | DMSP-5A-F3 & Others,Success
1007,ISAS,"Mu Pad, Uchinoura Space Center, Japan",Japan,Other,"Tue Feb 16, 1971 04:00 UTC",1971.0,Mu-IV S | Tansei 1,Success
1008,RVSN USSR,"Site 132/1, Plesetsk Cosmodrome, Russia",Russia,USSR,"Tue Feb 09, 1971 18:48 UTC",1971.0,Cosmos-3M | Cosmos 394,Success
1009,US Air Force,"SLC-17A, Cape Canaveral SFS, Florida, USA",USA,USA,"Wed Feb 03, 1971 01:41 UTC",1971.0,Delta M | NATO 2,Success
1010,NASA,"LC-39A, Kennedy Space Center, Florida, USA",USA,USA,"Sun Jan 31, 1971 21:03 UTC",1971.0,Saturn V | Apollo 14,Success
1011,RVSN USSR,"Site 133/3, Plesetsk Cosmodrome, Russia",Russia,USSR,"Tue Jan 26, 1971 12:44 UTC",1971.0,Cosmos-2 (63SM) | Cosmos 393,Success
1012,General Dynamics,"SLC-36A, Cape Canaveral SFS, Florida, USA",USA,USA,"Tue Jan 26, 1971 00:36 UTC",1971.0,Atlas-SLV3C Centaur-D | Intelsat 4 F2,Success
1013,US Air Force,"SLC-4W, Vandenberg SFB, California, USA",USA,USA,"Thu Jan 21, 1971 18:20 UTC",1971.0,Titan III(23)B | OPS 7776,Success
1014,RVSN USSR,"Site 31/6, Baikonur Cosmodrome, Kazakhstan",Kazakhstan,USSR,"Thu Jan 21, 1971 08:40 UTC",1971.0,Voskhod | Cosmos 392,Success
1015,RVSN USSR,"Site 41/1, Plesetsk Cosmodrome, Russia",Russia,USSR,"Wed Jan 20, 1971 11:24 UTC",1971.0,Vostok-2M | Meteor n°18,Success
1016,RVSN USSR,"Site 133/3, Plesetsk Cosmodrome, Russia",Russia,USSR,"Thu Jan 14, 1971 12:00 UTC",1971.0,Cosmos-2 (63SM) | Cosmos 391,Success
1017,RVSN USSR,"Site 31/6, Baikonur Cosmodrome, Kazakhstan",Kazakhstan,USSR,"Tue Jan 12, 1971 09:30 UTC",1971.0,Voskhod | Cosmos 390,Success
1018,RVSN USSR,"Site 1/5, Baikonur Cosmodrome, Kazakhstan",Kazakhstan,USSR,"Fri Dec 25, 1970 03:50 UTC",1970.0,Molniya-M /Block L | Molniya-1 n°22,Success
1019,RVSN USSR,"Site 132/2, Plesetsk Cosmodrome, Russia",Russia,USSR,"Tue Dec 22, 1970 21:30 UTC",1970.0,Cosmos-3M | DS-P1-M #1,Failure
1020,RVSN USSR,"Site 41/1, Plesetsk Cosmodrome, Russia",Russia,USSR,"Fri Dec 18, 1970 16:15 UTC",1970.0,Vostok-2M | Cosmos 389,Success
1021,RVSN USSR,"Site 133/3, Plesetsk Cosmodrome, Russia",Russia,USSR,"Fri Dec 18, 1970 09:39 UTC",1970.0,Cosmos-2 (63SM) | Cosmos 388,Success
1022,RVSN USSR,"Site 132/2, Plesetsk Cosmodrome, Russia",Russia,USSR,"Wed Dec 16, 1970 04:29 UTC",1970.0,Cosmos-3M | Cosmos 387,Success
1023,RVSN USSR,"Site 31/6, Baikonur Cosmodrome, Kazakhstan",Kazakhstan,USSR,"Tue Dec 15, 1970 10:00 UTC",1970.0,Voskhod | Cosmos 386,Success
1024,CNES,"ELD, Guiana Space Centre, French Guiana, France",France,Other,"Sat Dec 12, 1970 13:04 UTC",1970.0,Diamant B | Péole,Success
1025,RVSN USSR,"Site 132/2, Plesetsk Cosmodrome, Russia",Russia,USSR,"Sat Dec 12, 1970 13:00 UTC",1970.0,Cosmos-3M | Cosmos 385,Success
1026,ASI,"SM Launch Tab, San Marco Launch Platform, Kenya",Kenya,Other,"Sat Dec 12, 1970 10:53 UTC",1970.0,Scout B | Explorer 42 (SAS-A),Success
1027,US Air Force,"SLC-2W, Vandenberg SFB, California, USA",USA,USA,"Fri Dec 11, 1970 11:35 UTC",1970.0,Delta N6 | NOAA-1,Success
1028,RVSN USSR,"Site 41/1, Plesetsk Cosmodrome, Russia",Russia,USSR,"Thu Dec 10, 1970 11:10 UTC",1970.0,Voskhod | Cosmos 384,Success
1029,RVSN USSR,"Site 43/4, Plesetsk Cosmodrome, Russia",Russia,USSR,"Thu Dec 03, 1970 13:55 UTC",1970.0,Voskhod | Cosmos 383,Success
1030,RVSN USSR,"Site 81/23, Baikonur Cosmodrome, Kazakhstan",Kazakhstan,USSR,"Wed Dec 02, 1970 17:00 UTC",1970.0,Proton-K/Block D | Cosmos 382,Success
1031,RVSN USSR,"Site 132/2, Plesetsk Cosmodrome, Russia",Russia,USSR,"Wed Dec 02, 1970 04:00 UTC",1970.0,Cosmos-3M | Cosmos 381,Success
1032,General Dynamics,"SLC-36B, Cape Canaveral SFS, Florida, USA",USA,USA,"Mon Nov 30, 1970 22:40 UTC",1970.0,Atlas-SLV3C Centaur-D | OAO-B,Failure
1033,RVSN USSR,"Site 43/4, Plesetsk Cosmodrome, Russia",Russia,USSR,"Fri Nov 27, 1970 15:47 UTC",1970.0,Molniya-M /Block L | Molniya-1 n°23,Success
1034,RVSN USSR,"Site 133/3, Plesetsk Cosmodrome, Russia",Russia,USSR,"Tue Nov 24, 1970 10:59 UTC",1970.0,Cosmos-2 (63SM) | Cosmos 380,Success
1035,RVSN USSR,"Site 31/6, Baikonur Cosmodrome, Kazakhstan",Kazakhstan,USSR,"Tue Nov 24, 1970 05:15 UTC",1970.0,Soyuz L | Cosmos 379 (T2K lander),Success
1036,US Air Force,"SLC-3W, Vandenberg SFB, California, USA",USA,USA,"Wed Nov 18, 1970 21:28 UTC",1970.0,Thorad SLV-2G Agena-D | KH-4B 1112,Success
1037,RVSN USSR,"Site 132/2, Plesetsk Cosmodrome, Russia",Russia,USSR,"Tue Nov 17, 1970 18:20 UTC",1970.0,Cosmos-3M | Cosmos 378,Success
1038,RVSN USSR,"Site 31/6, Baikonur Cosmodrome, Kazakhstan",Kazakhstan,USSR,"Wed Nov 11, 1970 09:20 UTC",1970.0,Voskhod | Cosmos 377,Success
1039,RVSN USSR,"Site 81/23, Baikonur Cosmodrome, Kazakhstan",Kazakhstan,USSR,"Tue Nov 10, 1970 14:44 UTC",1970.0,Proton-K/Block D | Luna 17,Success
1040,NASA,"LA-3, Wallops Flight Facility, Virginia, USA",USA,USA,"Mon Nov 09, 1970 06:00 UTC",1970.0,Scout B | OFO 1 & RM 1,Success
1041,Martin Marietta,"SLC-40, Cape Canaveral SFS, Florida, USA",USA,USA,"Fri Nov 06, 1970 10:35 UTC",1970.0,Titan III(23)C | DSP-1 (OPS-5960) (IMEWS-1),Partial Failure
1042,RVSN USSR,"Site 43/4, Plesetsk Cosmodrome, Russia",Russia,USSR,"Fri Oct 30, 1970 13:20 UTC",1970.0,Voskhod | Cosmos 376,Success
1043,RVSN USSR,"Site 90/20, Baikonur Cosmodrome, Kazakhstan",Kazakhstan,USSR,"Fri Oct 30, 1970 02:36 UTC",1970.0,Tsyklon-2 | Cosmos 375,Success
1044,US Air Force,"SLC-4W, Vandenberg SFB, California, USA",USA,USA,"Fri Oct 23, 1970 17:40 UTC",1970.0,Titan III(23)B | OPS 7568,Success
1045,RVSN USSR,"Site 90/20, Baikonur Cosmodrome, Kazakhstan",Kazakhstan,USSR,"Fri Oct 23, 1970 04:42 UTC",1970.0,Tsyklon-2 | Cosmos 374,Success
1046,RVSN USSR,"Site 81/23, Baikonur Cosmodrome, Kazakhstan",Kazakhstan,USSR,"Tue Oct 20, 1970 19:55 UTC",1970.0,Proton-K/Block D | Zond 8,Success
1047,RVSN USSR,"Site 90/19, Baikonur Cosmodrome, Kazakhstan",Kazakhstan,USSR,"Tue Oct 20, 1970 05:38 UTC",1970.0,Tsyklon-2 | Cosmos 373,Success
1048,RVSN USSR,"Site 132/1, Plesetsk Cosmodrome, Russia",Russia,USSR,"Fri Oct 16, 1970 14:59 UTC",1970.0,Cosmos-3M | Cosmos 372,Success
1049,RVSN USSR,"Site 41/1, Plesetsk Cosmodrome, Russia",Russia,USSR,"Thu Oct 15, 1970 11:22 UTC",1970.0,Vostok-2M | Meteor n°17,Success
1050,RVSN USSR,"Site 133/3, Plesetsk Cosmodrome, Russia",Russia,USSR,"Wed Oct 14, 1970 11:29 UTC",1970.0,Cosmos-2 (63SM) | Intercosmos 4,Success
1051,RVSN USSR,"Site 132/1, Plesetsk Cosmodrome, Russia",Russia,USSR,"Mon Oct 12, 1970 13:57 UTC",1970.0,Cosmos-3M | Cosmos 371,Success
1052,RVSN USSR,"Site 1/5, Baikonur Cosmodrome, Kazakhstan",Kazakhstan,USSR,"Fri Oct 09, 1970 11:04 UTC",1970.0,Voskhod | Cosmos 370,Success
1053,RVSN USSR,"Site 133/3, Plesetsk Cosmodrome, Russia",Russia,USSR,"Thu Oct 08, 1970 15:10 UTC",1970.0,Cosmos-2 (63SM) | Cosmos 369,Success
1054,RVSN USSR,"Site 31/6, Baikonur Cosmodrome, Kazakhstan",Kazakhstan,USSR,"Thu Oct 08, 1970 12:39 UTC",1970.0,Voskhod | Cosmos 368,Success
1055,RVSN USSR,"Site 90/19, Baikonur Cosmodrome, Kazakhstan",Kazakhstan,USSR,"Sat Oct 03, 1970 10:26 UTC",1970.0,Tsyklon-2 | Cosmos 367,Success
1056,RVSN USSR,"Site 1/5, Baikonur Cosmodrome, Kazakhstan",Kazakhstan,USSR,"Thu Oct 01, 1970 08:20 UTC",1970.0,Voskhod | Cosmos 366,Success
1057,RVSN USSR,"Site 43/4, Plesetsk Cosmodrome, Russia",Russia,USSR,"Tue Sep 29, 1970 08:14 UTC",1970.0,Molniya-M /Block L | Molniya-1 n°19,Success
1058,RVSN USSR,"Site 161/61, Baikonur Cosmodrome, Kazakhstan",Kazakhstan,USSR,"Fri Sep 25, 1970 14:05 UTC",1970.0,R-36 Orb. | Cosmos 365,Success
1059,ISAS,"Mu Pad, Uchinoura Space Center, Japan",Japan,Other,"Fri Sep 25, 1970 05:00 UTC",1970.0,Mu-IV S | SS 1,Failure
1060,RVSN USSR,"Site 41/1, Plesetsk Cosmodrome, Russia",Russia,USSR,"Tue Sep 22, 1970 13:00 UTC",1970.0,Voskhod | Cosmos 364,Success
1061,RVSN USSR,"Site 31/6, Baikonur Cosmodrome, Kazakhstan",Kazakhstan,USSR,"Thu Sep 17, 1970 08:10 UTC",1970.0,Voskhod | Cosmos 363,Success
1062,RVSN USSR,"Site 133/3, Plesetsk Cosmodrome, Russia",Russia,USSR,"Wed Sep 16, 1970 11:59 UTC",1970.0,Cosmos-2 (63SM) | Cosmos 362,Success
1063,RVSN USSR,"Site 81/23, Baikonur Cosmodrome, Kazakhstan",Kazakhstan,USSR,"Sat Sep 12, 1970 13:25 UTC",1970.0,Proton-K/Block D | Luna 16,Success
1064,RVSN USSR,"Site 41/1, Plesetsk Cosmodrome, Russia",Russia,USSR,"Tue Sep 08, 1970 10:30 UTC",1970.0,Voskhod | Cosmos 361,Success
1065,US Air Force,"SLC-10W (75-2-6), Vandenberg SFB, California, USA",USA,USA,"Thu Sep 03, 1970 08:39 UTC",1970.0,Thor-LV2D Burner-2 | DMSP-5A-F2,Success
1066,RAE,"LA-5B, RAAF Woomera Range Complex, Australia",Australia,Other,"Wed Sep 02, 1970 00:34 UTC",1970.0,Black Arrow | Orba,Failure
1067,General Dynamics,"LC-13, Cape Canaveral SFS, Florida, USA",USA,USA,"Tue Sep 01, 1970 01:00 UTC",1970.0,Atlas-SLV3A Agena-D | AFP-827 (Canyon-3),Success
1068,RVSN USSR,"Site 31/6, Baikonur Cosmodrome, Kazakhstan",Kazakhstan,USSR,"Sat Aug 29, 1970 08:30 UTC",1970.0,Voskhod | Cosmos 360,Success
1069,US Air Force,"SLC-5, Vandenberg SFB, California, USA",USA,USA,"Thu Aug 27, 1970 13:23 UTC",1970.0,Scout A | Transit-O 19,Success
1070,US Air Force,"SLC-1W (75-3-4), Vandenberg SFB, California, USA",USA,USA,"Wed Aug 26, 1970 10:01 UTC",1970.0,Thorad SLV-2G Agena-D | Ferret 15,Success
1071,RVSN USSR,"Site 31/6, Baikonur Cosmodrome, Kazakhstan",Kazakhstan,USSR,"Sat Aug 22, 1970 05:06 UTC",1970.0,Molniya-M /Block NVL | Cosmos 359,Partial Failure
1072,RVSN USSR,"Site 132/1, Plesetsk Cosmodrome, Russia",Russia,USSR,"Thu Aug 20, 1970 14:30 UTC",1970.0,Cosmos-3M | Cosmos 358,Partial Failure
1073,RVSN USSR,"Site 133/3, Plesetsk Cosmodrome, Russia",Russia,USSR,"Wed Aug 19, 1970 14:59 UTC",1970.0,Cosmos-2 (63SM) | Cosmos 357,Success
1074,US Air Force,"SLC-17A, Cape Canaveral SFS, Florida, USA",USA,USA,"Wed Aug 19, 1970 12:11 UTC",1970.0,Delta M | Skynet-1B,Success
1075,US Air Force,"SLC-4W, Vandenberg SFB, California, USA",USA,USA,"Tue Aug 18, 1970 14:45 UTC",1970.0,Titan III(23)B | OPS 7874,Success
1076,RVSN USSR,"Site 81/23, Baikonur Cosmodrome, Kazakhstan",Kazakhstan,USSR,"Tue Aug 18, 1970 03:45 UTC",1970.0,Proton-K | 82EV n°1,Success
1077,RVSN USSR,"Site 31/6, Baikonur Cosmodrome, Kazakhstan",Kazakhstan,USSR,"Mon Aug 17, 1970 05:38 UTC",1970.0,Molniya-M /Block NVL | Venera 7,Success
1078,RVSN USSR,"Site 133/3, Plesetsk Cosmodrome, Russia",Russia,USSR,"Mon Aug 10, 1970 19:59 UTC",1970.0,Cosmos-2 (63SM) | Cosmos 356,Success
1079,RVSN USSR,"Site 43/4, Plesetsk Cosmodrome, Russia",Russia,USSR,"Fri Aug 07, 1970 09:30 UTC",1970.0,Voskhod | Cosmos 355,Success
1080,RVSN USSR,"Site 86/1, Kapustin Yar, Russia",Russia,USSR,"Fri Aug 07, 1970 02:59 UTC",1970.0,Cosmos-2 (63SM) | Intercosmos 3,Success
1081,RVSN USSR,"Site 86/1, Kapustin Yar, Russia",Russia,USSR,"Fri Jul 31, 1970 02:00 UTC",1970.0,K65M-RB5 | BOR-2 n°202,Success
1082,RVSN USSR,"Site 191/66, Baikonur Cosmodrome, Kazakhstan",Kazakhstan,USSR,"Tue Jul 28, 1970 22:00 UTC",1970.0,R-36 Orb. | Cosmos 354,Success
1083,US Air Force,"SLC-17A, Cape Canaveral SFS, Florida, USA",USA,USA,"Thu Jul 23, 1970 23:23 UTC",1970.0,Delta M | Intelsat 3-8,Success
1084,US Air Force,"SLC-3W, Vandenberg SFB, California, USA",USA,USA,"Thu Jul 23, 1970 01:25 UTC",1970.0,Thorad SLV-2G Agena-D | KH-4B 1111,Success
1085,RVSN USSR,"Site 43/4, Plesetsk Cosmodrome, Russia",Russia,USSR,"Tue Jul 21, 1970 12:30 UTC",1970.0,Voskhod | Zenit-4 n°75,Failure
1086,RVSN USSR,"Site 41/1, Plesetsk Cosmodrome, Russia",Russia,USSR,"Thu Jul 09, 1970 13:35 UTC",1970.0,Voskhod | Cosmos 353,Success
1087,RVSN USSR,"Site 31/6, Baikonur Cosmodrome, Kazakhstan",Kazakhstan,USSR,"Tue Jul 07, 1970 10:30 UTC",1970.0,Voskhod | Cosmos 352,Success
1088,RVSN USSR,"Site 132/2, Plesetsk Cosmodrome, Russia",Russia,USSR,"Sat Jun 27, 1970 16:39 UTC",1970.0,Cosmos-3M | Strela-2M satellite,Failure
1089,RVSN USSR,"Site 133/3, Plesetsk Cosmodrome, Russia",Russia,USSR,"Sat Jun 27, 1970 07:39 UTC",1970.0,Cosmos-2 (63SM) | Cosmos 351,Success
1090,RVSN USSR,"Site 31/6, Baikonur Cosmodrome, Kazakhstan",Kazakhstan,USSR,"Fri Jun 26, 1970 12:00 UTC",1970.0,Voskhod | Cosmos 350,Success
1091,RVSN USSR,"Site 43/4, Plesetsk Cosmodrome, Russia",Russia,USSR,"Fri Jun 26, 1970 03:23 UTC",1970.0,Molniya-M /Block L | Molniya-1 n°21,Success
1092,US Air Force,"SLC-4W, Vandenberg SFB, California, USA",USA,USA,"Thu Jun 25, 1970 14:50 UTC",1970.0,Titan III(23)B | OPS 6820,Success
1093,RVSN USSR,"Site 41/1, Plesetsk Cosmodrome, Russia",Russia,USSR,"Tue Jun 23, 1970 14:15 UTC",1970.0,Vostok-2M | Meteor n°16,Success
1094,General Dynamics,"LC-13, Cape Canaveral SFS, Florida, USA",USA,USA,"Fri Jun 19, 1970 11:37 UTC",1970.0,Atlas-SLV3A Agena-D | AFP-720 (Rhyolite-1),Success
1095,RVSN USSR,"Site 43/4, Plesetsk Cosmodrome, Russia",Russia,USSR,"Wed Jun 17, 1970 12:59 UTC",1970.0,Voskhod | Cosmos 349,Success
1096,RVSN USSR,"Site 133/3, Plesetsk Cosmodrome, Russia",Russia,USSR,"Sat Jun 13, 1970 04:59 UTC",1970.0,Cosmos-2 (63SM) | Cosmos 348,Success
1097,RVSN USSR,"Site 86/1, Kapustin Yar, Russia",Russia,USSR,"Fri Jun 12, 1970 09:30 UTC",1970.0,Cosmos-2 (63SM) | Cosmos 347,Success
1098,CECLES,"LA-5B, RAAF Woomera Range Complex, Australia",Australia,Other,"Fri Jun 12, 1970 01:10 UTC",1970.0,Europa 1 | STV-3,Failure
1099,RVSN USSR,"Site 31/6, Baikonur Cosmodrome, Kazakhstan",Kazakhstan,USSR,"Wed Jun 10, 1970 09:30 UTC",1970.0,Voskhod | Cosmos 346,Success
1100,RVSN USSR,"Site 31/6, Baikonur Cosmodrome, Kazakhstan",Kazakhstan,USSR,"Mon Jun 01, 1970 19:00 UTC",1970.0,Soyuz | Soyuz 9,Success
1101,RVSN USSR,"Site 133/3, Plesetsk Cosmodrome, Russia",Russia,USSR,"Fri May 22, 1970 12:39 UTC",1970.0,Cosmos-2 (63SM) | DS-P1-You #36,Failure
1102,US Air Force,"SLC-3W, Vandenberg SFB, California, USA",USA,USA,"Wed May 20, 1970 21:35 UTC",1970.0,Thorad SLV-2G Agena-D | KH-4B 1110,Success
1103,RVSN USSR,"Site 31/6, Baikonur Cosmodrome, Kazakhstan",Kazakhstan,USSR,"Wed May 20, 1970 09:20 UTC",1970.0,Voskhod | Cosmos 345,Success
1104,RVSN USSR,"Site 41/1, Plesetsk Cosmodrome, Russia",Russia,USSR,"Tue May 12, 1970 10:10 UTC",1970.0,Voskhod | Cosmos 344,Success
1105,RVSN USSR,"Site 41/1, Plesetsk Cosmodrome, Russia",Russia,USSR,"Tue Apr 28, 1970 10:50 UTC",1970.0,Vostok-2M | Meteor n°15,Success
1106,RVSN USSR,"Site 132/2, Plesetsk Cosmodrome, Russia",Russia,USSR,"Sat Apr 25, 1970 17:09 UTC",1970.0,Cosmos-3M | Cosmos 336 to 343,Success
1107,RVSN USSR,"Site 86/1, Kapustin Yar, Russia",Russia,USSR,"Fri Apr 24, 1970 22:24 UTC",1970.0,Cosmos-2 (63SM) | Cosmos 335,Success
1108,CASC,"Site 5020 (LA-2A), Jiuquan Satellite Launch Center, China",China,Other,"Fri Apr 24, 1970 13:35 UTC",1970.0,Long March 1 | Dong Fang Hong 1,Success
1109,RVSN USSR,"Site 133/3, Plesetsk Cosmodrome, Russia",Russia,USSR,"Thu Apr 23, 1970 13:20 UTC",1970.0,Cosmos-2 (63SM) | Cosmos 334,Success
1110,US Air Force,"SLC-17A, Cape Canaveral SFS, Florida, USA",USA,USA,"Thu Apr 23, 1970 00:46 UTC",1970.0,Delta M | Intelsat 3-7,Success
1111,US Air Force,"SLC-4W, Vandenberg SFB, California, USA",USA,USA,"Wed Apr 15, 1970 15:52 UTC",1970.0,Titan III(23)B | OPS 2863,Success
1112,RVSN USSR,"Site 41/1, Plesetsk Cosmodrome, Russia",Russia,USSR,"Wed Apr 15, 1970 09:00 UTC",1970.0,Voskhod | Cosmos 333,Success
1113,NASA,"LC-39A, Kennedy Space Center, Florida, USA",USA,USA,"Sat Apr 11, 1970 19:13 UTC",1970.0,Saturn V | Apollo 13,Success
1114,RVSN USSR,"Site 132/2, Plesetsk Cosmodrome, Russia",Russia,USSR,"Sat Apr 11, 1970 17:00 UTC",1970.0,Cosmos-3M | Cosmos 332,Success
1115,Martin Marietta,"SLC-40, Cape Canaveral SFS, Florida, USA",USA,USA,"Wed Apr 08, 1970 10:50 UTC",1970.0,Titan IIIC | Vela 6A/6B,Success
1116,RVSN USSR,"Site 31/6, Baikonur Cosmodrome, Kazakhstan",Kazakhstan,USSR,"Wed Apr 08, 1970 10:15 UTC",1970.0,Voskhod | Cosmos 331,Success
1117,US Air Force,"SLC-2E (75-1-1), Vandenberg SFB, California, USA",USA,USA,"Wed Apr 08, 1970 08:17 UTC",1970.0,Thorad SLV-2G Agena-D | Nimbus 4 & TOPO 1,Success
1118,RVSN USSR,"Site 132/2, Plesetsk Cosmodrome, Russia",Russia,USSR,"Tue Apr 07, 1970 11:10 UTC",1970.0,Cosmos-3M | Cosmos 330,Success
1119,RVSN USSR,"Site 43/4, Plesetsk Cosmodrome, Russia",Russia,USSR,"Fri Apr 03, 1970 08:30 UTC",1970.0,Voskhod | Cosmos 329,Success
1120,RVSN USSR,"Site 41/1, Plesetsk Cosmodrome, Russia",Russia,USSR,"Fri Mar 27, 1970 11:45 UTC",1970.0,Voskhod | Cosmos 328,Success
1121,US Air Force,"SLC-17A, Cape Canaveral SFS, Florida, USA",USA,USA,"Fri Mar 20, 1970 23:52 UTC",1970.0,Delta M | NATO 1,Success
1122,RVSN USSR,"Site 133/3, Plesetsk Cosmodrome, Russia",Russia,USSR,"Wed Mar 18, 1970 14:39 UTC",1970.0,Cosmos-2 (63SM) | Cosmos 327,Success
1123,RVSN USSR,"Site 41/1, Plesetsk Cosmodrome, Russia",Russia,USSR,"Tue Mar 17, 1970 11:10 UTC",1970.0,Vostok-2M | Meteor n°14,Partial Failure
1124,RVSN USSR,"Site 43/4, Plesetsk Cosmodrome, Russia",Russia,USSR,"Fri Mar 13, 1970 08:00 UTC",1970.0,Voskhod | Cosmos 326,Success
1125,CNES,"ELD, Guiana Space Centre, French Guiana, France",France,Other,"Tue Mar 10, 1970 12:20 UTC",1970.0,Diamant B | WIKA & MIKA,Success
1126,US Air Force,"SLC-3W, Vandenberg SFB, California, USA",USA,USA,"Wed Mar 04, 1970 22:15 UTC",1970.0,Thorad SLV-2G Agena-D | KH-4B 1109,Success
1127,RVSN USSR,"Site 43/4, Plesetsk Cosmodrome, Russia",Russia,USSR,"Wed Mar 04, 1970 12:14 UTC",1970.0,Voskhod | Cosmos 325,Success
1128,RVSN USSR,"Site 133/3, Plesetsk Cosmodrome, Russia",Russia,USSR,"Fri Feb 27, 1970 17:24 UTC",1970.0,Cosmos-2 (63SM) | Cosmos 324,Success
1129,RVSN USSR,"Site 43/4, Plesetsk Cosmodrome, Russia",Russia,USSR,"Thu Feb 19, 1970 18:57 UTC",1970.0,Molniya-M /Block L | Molniya-1 n°17,Success
1130,US Air Force,"SLC-10W (75-2-6), Vandenberg SFB, California, USA",USA,USA,"Wed Feb 11, 1970 08:40 UTC",1970.0,Thor-LV2D Burner-2 | DMSP-5A-F1,Success
1131,UT,"Lambda Pad, Uchinoura Space Center, Japan",Japan,Other,"Wed Feb 11, 1970 04:25 UTC",1970.0,Lambda-IV S | Ōsumi,Success
1132,RVSN USSR,"Site 41/1, Plesetsk Cosmodrome, Russia",Russia,USSR,"Tue Feb 10, 1970 12:00 UTC",1970.0,Voskhod | Cosmos 323,Success
1133,RVSN USSR,"Site 81/23, Baikonur Cosmodrome, Kazakhstan",Kazakhstan,USSR,"Fri Feb 06, 1970 04:16 UTC",1970.0,Proton-K/Block D | Ye-8-5 n°405,Failure
1134,US Air Force,"SLC-2E (75-1-1), Vandenberg SFB, California, USA",USA,USA,"Wed Feb 04, 1970 02:59 UTC",1970.0,Thorad SLV-2G Agena-D | SERT 2,Success
1135,RVSN USSR,"Site 133/3, Plesetsk Cosmodrome, Russia",Russia,USSR,"Fri Jan 30, 1970 15:40 UTC",1970.0,Cosmos-2 (63SM) | DS-P1-I #6,Failure
1136,US Air Force,"SLC-2W, Vandenberg SFB, California, USA",USA,USA,"Fri Jan 23, 1970 11:31 UTC",1970.0,Delta N6 | ITOS 1 & Oscar 5,Success
1137,RVSN USSR,"Site 41/1, Plesetsk Cosmodrome, Russia",Russia,USSR,"Wed Jan 21, 1970 12:00 UTC",1970.0,Voskhod | Cosmos 322,Success
1138,RVSN USSR,"Site 133/3, Plesetsk Cosmodrome, Russia",Russia,USSR,"Tue Jan 20, 1970 20:20 UTC",1970.0,Cosmos-2 (63SM) | Cosmos 321,Success
1139,RVSN USSR,"Site 86/1, Kapustin Yar, Russia",Russia,USSR,"Fri Jan 16, 1970 10:59 UTC",1970.0,Cosmos-2 (63SM) | Cosmos 320,Success
1140,RVSN USSR,"Site 133/3, Plesetsk Cosmodrome, Russia",Russia,USSR,"Thu Jan 15, 1970 13:39 UTC",1970.0,Cosmos-2 (63SM) | Cosmos 319,Success
1141,US Air Force,"SLC-17A, Cape Canaveral SFS, Florida, USA",USA,USA,"Thu Jan 15, 1970 00:16 UTC",1970.0,Delta M | Intelsat 3-6,Success
1142,US Air Force,"SLC-4W, Vandenberg SFB, California, USA",USA,USA,"Wed Jan 14, 1970 18:43 UTC",1970.0,Titan III(23)B | OPS 6531,Success
1143,RVSN USSR,"Site 31/6, Baikonur Cosmodrome, Kazakhstan",Kazakhstan,USSR,"Fri Jan 09, 1970 09:20 UTC",1970.0,Voskhod | Cosmos 318,Success
1144,RVSN USSR,"Site 132/1, Plesetsk Cosmodrome, Russia",Russia,USSR,"Sat Dec 27, 1969 14:20 UTC",1969.0,Cosmos-3M | Ionosfernaya #1,Failure
1145,RVSN USSR,"Site 86/1, Kapustin Yar, Russia",Russia,USSR,"Thu Dec 25, 1969 09:59 UTC",1969.0,Cosmos-2 (63SM) | Intercosmos 2,Success
1146,RVSN USSR,"Site 41/1, Plesetsk Cosmodrome, Russia",Russia,USSR,"Tue Dec 23, 1969 13:50 UTC",1969.0,Voskhod | Cosmos 317,Success
1147,RVSN USSR,"Site 90/20, Baikonur Cosmodrome, Kazakhstan",Kazakhstan,USSR,"Tue Dec 23, 1969 09:25 UTC",1969.0,Tsyklon-2 | Cosmos 316,Success
1148,RVSN USSR,"Site 132/1, Plesetsk Cosmodrome, Russia",Russia,USSR,"Sat Dec 20, 1969 03:26 UTC",1969.0,Cosmos-3M | Cosmos 315,Success
1149,RVSN USSR,"Site 133/3, Plesetsk Cosmodrome, Russia",Russia,USSR,"Thu Dec 11, 1969 12:58 UTC",1969.0,Cosmos-2 (63SM) | Cosmos 314,Success
1150,US Air Force,"SLC-3W, Vandenberg SFB, California, USA",USA,USA,"Thu Dec 04, 1969 21:38 UTC",1969.0,Thorad SLV-2G Agena-D | KH-4B 1108,Success
1151,RVSN USSR,"Site 43/4, Plesetsk Cosmodrome, Russia",Russia,USSR,"Wed Dec 03, 1969 13:20 UTC",1969.0,Voskhod | Cosmos 313,Success
1152,RVSN USSR,"Site 81/23, Baikonur Cosmodrome, Kazakhstan",Kazakhstan,USSR,"Fri Nov 28, 1969 09:00 UTC",1969.0,Proton-K/Block D | L1E n°1,Failure
1153,RVSN USSR,"Site 132/1, Plesetsk Cosmodrome, Russia",Russia,USSR,"Mon Nov 24, 1969 16:49 UTC",1969.0,Cosmos-3M | Cosmos 312,Success
1154,RVSN USSR,"Site 133/3, Plesetsk Cosmodrome, Russia",Russia,USSR,"Mon Nov 24, 1969 11:00 UTC",1969.0,Cosmos-2 (63SM) | Cosmos 311,Success
1155,US Air Force,"SLC-17A, Cape Canaveral SFS, Florida, USA",USA,USA,"Sat Nov 22, 1969 00:37 UTC",1969.0,Delta M | Skynet 1A,Success
1156,RVSN USSR,"Site 31/6, Baikonur Cosmodrome, Kazakhstan",Kazakhstan,USSR,"Sat Nov 15, 1969 08:30 UTC",1969.0,Voskhod | Cosmos 310,Success
1157,NASA,"LC-39A, Kennedy Space Center, Florida, USA",USA,USA,"Fri Nov 14, 1969 16:22 UTC",1969.0,Saturn V | Apollo 12,Success
1158,RVSN USSR,"Site 41/1, Plesetsk Cosmodrome, Russia",Russia,USSR,"Wed Nov 12, 1969 11:30 UTC",1969.0,Voskhod | Cosmos 309,Success
1159,US Air Force,"SLC-5, Vandenberg SFB, California, USA",USA,USA,"Sat Nov 08, 1969 01:52 UTC",1969.0,Scout B | Azur,Success
1160,RVSN USSR,"Site 133/3, Plesetsk Cosmodrome, Russia",Russia,USSR,"Tue Nov 04, 1969 11:59 UTC",1969.0,Cosmos-2 (63SM) | Cosmos 308,Success
1161,RVSN USSR,"Site 90/20, Baikonur Cosmodrome, Kazakhstan",Kazakhstan,USSR,"Sat Nov 01, 1969 10:59 UTC",1969.0,Tsyklon-2 | IS Mockup,Success
1162,US Air Force,"SLC-4W, Vandenberg SFB, California, USA",USA,USA,"Fri Oct 24, 1969 18:10 UTC",1969.0,Titan III(23)B | OPS 8455,Success
1163,RVSN USSR,"Site 86/1, Kapustin Yar, Russia",Russia,USSR,"Fri Oct 24, 1969 13:01 UTC",1969.0,Cosmos-2 (63SM) | Cosmos 307,Success
1164,RVSN USSR,"Site 1/5, Baikonur Cosmodrome, Kazakhstan",Kazakhstan,USSR,"Fri Oct 24, 1969 09:40 UTC",1969.0,Voskhod | Cosmos 306,Success
1165,RVSN USSR,"Site 81/24, Baikonur Cosmodrome, Kazakhstan",Kazakhstan,USSR,"Wed Oct 22, 1969 14:09 UTC",1969.0,Proton-K/Block D | Cosmos 305,Success
1166,RVSN USSR,"Site 132/1, Plesetsk Cosmodrome, Russia",Russia,USSR,"Tue Oct 21, 1969 12:49 UTC",1969.0,Cosmos-3M | Cosmos 304,Success
1167,RVSN USSR,"Site 133/3, Plesetsk Cosmodrome, Russia",Russia,USSR,"Sat Oct 18, 1969 10:00 UTC",1969.0,Cosmos-2 (63SM) | Cosmos 303,Success
1168,RVSN USSR,"Site 41/1, Plesetsk Cosmodrome, Russia",Russia,USSR,"Fri Oct 17, 1969 11:45 UTC",1969.0,Voskhod | Cosmos 302,Success
1169,RVSN USSR,"Site 86/1, Kapustin Yar, Russia",Russia,USSR,"Tue Oct 14, 1969 13:19 UTC",1969.0,Cosmos-2 (63SM) | Intercosmos 1,Success
1170,RVSN USSR,"Site 31/6, Baikonur Cosmodrome, Kazakhstan",Kazakhstan,USSR,"Mon Oct 13, 1969 10:19 UTC",1969.0,Soyuz | Soyuz 8,Success
1171,RVSN USSR,"Site 1/5, Baikonur Cosmodrome, Kazakhstan",Kazakhstan,USSR,"Sun Oct 12, 1969 10:44 UTC",1969.0,Soyuz | Soyuz 7,Success
1172,RVSN USSR,"Site 31/6, Baikonur Cosmodrome, Kazakhstan",Kazakhstan,USSR,"Sat Oct 11, 1969 11:10 UTC",1969.0,Soyuz | Soyuz 6,Success
1173,RVSN USSR,"Site 41/1, Plesetsk Cosmodrome, Russia",Russia,USSR,"Mon Oct 06, 1969 01:45 UTC",1969.0,Vostok-2M | Meteor n°13,Success
1174,US Air Force,"SLC-5, Vandenberg SFB, California, USA",USA,USA,"Wed Oct 01, 1969 22:29 UTC",1969.0,Scout B | ESRO 1B,Partial Failure
1175,US Air Force,"SLC-1W (75-3-4), Vandenberg SFB, California, USA",USA,USA,"Tue Sep 30, 1969 13:40 UTC",1969.0,Thorad SLV-2G Agena-D | EHH B-17 & Others,Success
1176,RVSN USSR,"Site 41/1, Plesetsk Cosmodrome, Russia",Russia,USSR,"Wed Sep 24, 1969 12:15 UTC",1969.0,Voskhod | Cosmos 301,Success
1177,RVSN USSR,"Site 81/24, Baikonur Cosmodrome, Kazakhstan",Kazakhstan,USSR,"Tue Sep 23, 1969 14:07 UTC",1969.0,Proton-K/Block D | Cosmos 300,Failure
1178,US Air Force,"SLC-3W, Vandenberg SFB, California, USA",USA,USA,"Mon Sep 22, 1969 21:11 UTC",1969.0,Thorad SLV-2G Agena-D | KH-4A 1052,Success
1179,UT,"Lambda Pad, Uchinoura Space Center, Japan",Japan,Other,"Mon Sep 22, 1969 02:10 UTC",1969.0,Lambda-IV S | Ōsumi,Failure
1180,RVSN USSR,"Site 31/6, Baikonur Cosmodrome, Kazakhstan",Kazakhstan,USSR,"Thu Sep 18, 1969 08:40 UTC",1969.0,Voskhod | Cosmos 299,Success
1181,RVSN USSR,"Site 191/66, Baikonur Cosmodrome, Kazakhstan",Kazakhstan,USSR,"Mon Sep 15, 1969 16:00 UTC",1969.0,R-36 Orb. | Cosmos 298,Success
1182,RVSN USSR,"Site 41/1, Plesetsk Cosmodrome, Russia",Russia,USSR,"Tue Sep 02, 1969 11:00 UTC",1969.0,Voskhod | Cosmos 297,Success
1183,RVSN USSR,"Site 31/6, Baikonur Cosmodrome, Kazakhstan",Kazakhstan,USSR,"Fri Aug 29, 1969 09:05 UTC",1969.0,Voskhod | Cosmos 296,Success
1184,US Air Force,"SLC-17A, Cape Canaveral SFS, Florida, USA",USA,USA,"Wed Aug 27, 1969 21:59 UTC",1969.0,Delta L | Pioneer E & TTS-3,Failure
1185,US Air Force,"SLC-4W, Vandenberg SFB, California, USA",USA,USA,"Sat Aug 23, 1969 16:00 UTC",1969.0,Titan III(23)B | OPS 7807,Success
1186,RVSN USSR,"Site 133/3, Plesetsk Cosmodrome, Russia",Russia,USSR,"Fri Aug 22, 1969 14:14 UTC",1969.0,Cosmos-2 (63SM) | Cosmos 295,Success
1187,RVSN USSR,"Site 41/1, Plesetsk Cosmodrome, Russia",Russia,USSR,"Tue Aug 19, 1969 13:00 UTC",1969.0,Voskhod | Cosmos 294,Success
1188,RVSN USSR,"Site 31/6, Baikonur Cosmodrome, Kazakhstan",Kazakhstan,USSR,"Sat Aug 16, 1969 11:59 UTC",1969.0,Voskhod | Cosmos 293,Success
1189,RVSN USSR,"Site 132/2, Plesetsk Cosmodrome, Russia",Russia,USSR,"Wed Aug 13, 1969 22:00 UTC",1969.0,Cosmos-3M | Cosmos 292,Success
1190,General Dynamics,"SLC-36A, Cape Canaveral SFS, Florida, USA",USA,USA,"Tue Aug 12, 1969 11:01 UTC",1969.0,Atlas-SLV3C Centaur-D | ATS-5,Success
1191,US Air Force,"SLC-17A, Cape Canaveral SFS, Florida, USA",USA,USA,"Sat Aug 09, 1969 07:52 UTC",1969.0,Delta N | OSO-6 & PAC-1,Success
1192,RVSN USSR,"Site 81/23, Baikonur Cosmodrome, Kazakhstan",Kazakhstan,USSR,"Thu Aug 07, 1969 23:48 UTC",1969.0,Proton-K/Block D | Zond 7,Success
1193,RVSN USSR,"Site 90/19, Baikonur Cosmodrome, Kazakhstan",Kazakhstan,USSR,"Wed Aug 06, 1969 05:40 UTC",1969.0,Tsyklon-2 | Cosmos 291,Success
1194,US Air Force,"SLC-1W (75-3-4), Vandenberg SFB, California, USA",USA,USA,"Thu Jul 31, 1969 10:19 UTC",1969.0,Thorad SLV-2G Agena-D | Ferret 14,Success
1195,US Air Force,"SLC-17A, Cape Canaveral SFS, Florida, USA",USA,USA,"Sat Jul 26, 1969 02:06 UTC",1969.0,Delta M | Intelsat 3-5,Failure
1196,US Air Force,"SLC-3W, Vandenberg SFB, California, USA",USA,USA,"Thu Jul 24, 1969 01:30 UTC",1969.0,Thorad SLV-2G Agena-D | KH-4B 1107,Success
1197,RVSN USSR,"Site 133/3, Plesetsk Cosmodrome, Russia",Russia,USSR,"Wed Jul 23, 1969 09:00 UTC",1969.0,Cosmos-2 (63SM) | DS-P1-You #23,Failure
1198,US Air Force,"SLC-10W (75-2-6), Vandenberg SFB, California, USA",USA,USA,"Wed Jul 23, 1969 04:39 UTC",1969.0,Thor-LV2D Burner-2 | DMSP-4B-F3,Success
1199,RVSN USSR,"Site 1/5, Baikonur Cosmodrome, Kazakhstan",Kazakhstan,USSR,"Tue Jul 22, 1969 12:55 UTC",1969.0,Molniya-M /Block L | Molniya-1 n°18,Success
1200,RVSN USSR,"Site 41/1, Plesetsk Cosmodrome, Russia",Russia,USSR,"Tue Jul 22, 1969 12:30 UTC",1969.0,Voskhod | Cosmos 290,Success
1201,NASA,"LC-39A, Kennedy Space Center, Florida, USA",USA,USA,"Wed Jul 16, 1969 13:32 UTC",1969.0,Saturn V | Apollo 11,Success
1202,RVSN USSR,"Site 81/24, Baikonur Cosmodrome, Kazakhstan",Kazakhstan,USSR,"Sun Jul 13, 1969 02:54 UTC",1969.0,Proton-K/Block D | Luna 15,Success
1203,RVSN USSR,"Site 41/1, Plesetsk Cosmodrome, Russia",Russia,USSR,"Thu Jul 10, 1969 09:00 UTC",1969.0,Voskhod | Cosmos 289,Success
1204,RVSN USSR,"Site 110/38, Baikonur Cosmodrome, Kazakhstan",Kazakhstan,USSR,"Thu Jul 03, 1969 20:18 UTC",1969.0,N-1 L3 | L1S n°2 & LK n°2,Failure
1205,CECLES,"LA-5B, RAAF Woomera Range Complex, Australia",Australia,Other,"Wed Jul 02, 1969 22:55 UTC",1969.0,Europa 1 | STV-2,Failure
1206,US Air Force,"SLC-17A, Cape Canaveral SFS, Florida, USA",USA,USA,"Sun Jun 29, 1969 03:15 UTC",1969.0,Delta N | Biosatellite 3,Success
1207,RVSN USSR,"Site 1/5, Baikonur Cosmodrome, Kazakhstan",Kazakhstan,USSR,"Fri Jun 27, 1969 06:59 UTC",1969.0,Voskhod | Cosmos 288,Success
1208,RVSN USSR,"Site 31/6, Baikonur Cosmodrome, Kazakhstan",Kazakhstan,USSR,"Tue Jun 24, 1969 06:50 UTC",1969.0,Voskhod | Cosmos 287,Success
1209,US Air Force,"SLC-2W, Vandenberg SFB, California, USA",USA,USA,"Sat Jun 21, 1969 08:47 UTC",1969.0,Delta E1 | Explorer 41 (IMP-G),Success
1210,RVSN USSR,"Site 41/1, Plesetsk Cosmodrome, Russia",Russia,USSR,"Sun Jun 15, 1969 08:59 UTC",1969.0,Voskhod | Cosmos 286,Success
1211,RVSN USSR,"Site 81/24, Baikonur Cosmodrome, Kazakhstan",Kazakhstan,USSR,"Sat Jun 14, 1969 04:00 UTC",1969.0,Proton-K/Block D | Ye-8-5 n°402,Failure
1212,RVSN USSR,"Site 86/1, Kapustin Yar, Russia",Russia,USSR,"Thu Jun 12, 1969 06:00 UTC",1969.0,K65M-RB5 | BOR-2 n°201,Success
1213,US Air Force,"SLC-2E (75-1-1), Vandenberg SFB, California, USA",USA,USA,"Thu Jun 05, 1969 14:42 UTC",1969.0,Thorad SLV-2G Agena-D | OGO-6,Success
1214,US Air Force,"SLC-4W, Vandenberg SFB, California, USA",USA,USA,"Tue Jun 03, 1969 16:49 UTC",1969.0,Titan IIIB | OPS 1077,Success
1215,RVSN USSR,"Site 133/3, Plesetsk Cosmodrome, Russia",Russia,USSR,"Tue Jun 03, 1969 12:57 UTC",1969.0,Cosmos-2 (63SM) | Cosmos 285,Success
1216,RVSN USSR,"Site 31/6, Baikonur Cosmodrome, Kazakhstan",Kazakhstan,USSR,"Thu May 29, 1969 06:59 UTC",1969.0,Voskhod | Cosmos 284,Success
1217,RVSN USSR,"Site 133/3, Plesetsk Cosmodrome, Russia",Russia,USSR,"Tue May 27, 1969 12:59 UTC",1969.0,Cosmos-2 (63SM) | Cosmos 283,Success
1218,Martin Marietta,"SLC-41, Cape Canaveral SFS, Florida, USA",USA,USA,"Fri May 23, 1969 07:57 UTC",1969.0,"Titan IIIC | Vela 5A/5B, OV5-5, OV5-6, OV5-9",Success
1219,US Air Force,"SLC-17A, Cape Canaveral SFS, Florida, USA",USA,USA,"Thu May 22, 1969 02:00 UTC",1969.0,Delta M | Intelsat 3-4,Success
1220,RVSN USSR,"Site 41/1, Plesetsk Cosmodrome, Russia",Russia,USSR,"Tue May 20, 1969 08:40 UTC",1969.0,Voskhod | Cosmos 282,Success
1221,NASA,"LC-39B, Kennedy Space Center, Florida, USA",USA,USA,"Sun May 18, 1969 16:49 UTC",1969.0,Saturn V | Apollo 10,Success
1222,RVSN USSR,"Site 41/1, Plesetsk Cosmodrome, Russia",Russia,USSR,"Tue May 13, 1969 09:15 UTC",1969.0,Voskhod | Cosmos 281,Partial Failure
1223,US Air Force,"SLC-3W, Vandenberg SFB, California, USA",USA,USA,"Fri May 02, 1969 01:46 UTC",1969.0,Thorad SLV-2G Agena-D | KH-4A 1051,Success
1224,RVSN USSR,"Site 1/5, Baikonur Cosmodrome, Kazakhstan",Kazakhstan,USSR,"Wed Apr 23, 1969 09:55 UTC",1969.0,Voskhod | Cosmos 280,Success
1225,US Air Force,"SLC-4W, Vandenberg SFB, California, USA",USA,USA,"Tue Apr 15, 1969 17:30 UTC",1969.0,Titan IIIB | OPS 5310,Success
1226,RVSN USSR,"Site 31/6, Baikonur Cosmodrome, Kazakhstan",Kazakhstan,USSR,"Tue Apr 15, 1969 08:14 UTC",1969.0,Voskhod | Cosmos 279,Success
1227,US Air Force,"SLC-2E (75-1-1), Vandenberg SFB, California, USA",USA,USA,"Mon Apr 14, 1969 07:54 UTC",1969.0,Thorad SLV-2G Agena-D | Nimbus 3 & Secor 13,Success
1228,General Dynamics,"LC-13, Cape Canaveral SFS, Florida, USA",USA,USA,"Sun Apr 13, 1969 02:30 UTC",1969.0,Atlas-SLV3A Agena-D | Canyon 2 (AFP-827),Success
1229,RVSN USSR,"Site 1/5, Baikonur Cosmodrome, Kazakhstan",Kazakhstan,USSR,"Fri Apr 11, 1969 02:30 UTC",1969.0,Molniya-M /Block L | Molniya-1 n°16,Success
1230,RVSN USSR,"Site 41/1, Plesetsk Cosmodrome, Russia",Russia,USSR,"Wed Apr 09, 1969 13:00 UTC",1969.0,Voskhod | Cosmos 278,Success
1231,RVSN USSR,"Site 133/3, Plesetsk Cosmodrome, Russia",Russia,USSR,"Fri Apr 04, 1969 13:00 UTC",1969.0,Cosmos-2 (63SM) | Cosmos 277,Success
1232,RVSN USSR,"Site 41/1, Plesetsk Cosmodrome, Russia",Russia,USSR,"Fri Apr 04, 1969 10:20 UTC",1969.0,Voskhod | Cosmos 276,Success
1233,RVSN USSR,"Site 81/24, Baikonur Cosmodrome, Kazakhstan",Kazakhstan,USSR,"Wed Apr 02, 1969 10:33 UTC",1969.0,Proton-K/Block D | M-69 n°522,Failure
1234,RVSN USSR,"Site 133/3, Plesetsk Cosmodrome, Russia",Russia,USSR,"Fri Mar 28, 1969 16:00 UTC",1969.0,Cosmos-2 (63SM) | Cosmos 275,Success
1235,General Dynamics,"SLC-36A, Cape Canaveral SFS, Florida, USA",USA,USA,"Thu Mar 27, 1969 22:22 UTC",1969.0,Atlas-SLV3C Centaur-D | Mariner 7,Success
1236,RVSN USSR,"Site 81/23, Baikonur Cosmodrome, Kazakhstan",Kazakhstan,USSR,"Thu Mar 27, 1969 10:40 UTC",1969.0,Proton-K/Block D | M-69 n°521,Failure
1237,RVSN USSR,"Site 41/1, Plesetsk Cosmodrome, Russia",Russia,USSR,"Wed Mar 26, 1969 12:30 UTC",1969.0,Vostok-2M | Meteor n°12,Failure
1238,RVSN USSR,"Site 31/6, Baikonur Cosmodrome, Kazakhstan",Kazakhstan,USSR,"Mon Mar 24, 1969 10:10 UTC",1969.0,Voskhod | Cosmos 274,Success
1239,RVSN USSR,"Site 41/1, Plesetsk Cosmodrome, Russia",Russia,USSR,"Sat Mar 22, 1969 12:15 UTC",1969.0,Voskhod | Cosmos 273,Success
1240,US Air Force,"SLC-3W, Vandenberg SFB, California, USA",USA,USA,"Wed Mar 19, 1969 21:38 UTC",1969.0,Thorad SLV-2G Agena-D | KH-4B 1150,Success
1241,General Dynamics,"LC-576A2, Vandenberg SFB, California, USA",USA,USA,"Tue Mar 18, 1969 07:47 UTC",1969.0,Atlas-E/F OV1 | OV1-17/OV1-18/OV1-19,Success
1242,RVSN USSR,"Site 132/2, Plesetsk Cosmodrome, Russia",Russia,USSR,"Mon Mar 17, 1969 16:40 UTC",1969.0,Cosmos-3M | Cosmos 272,Success
1243,RVSN USSR,"Site 41/1, Plesetsk Cosmodrome, Russia",Russia,USSR,"Sat Mar 15, 1969 12:15 UTC",1969.0,Voskhod | Cosmos 271,Success
1244,RVSN USSR,"Site 41/1, Plesetsk Cosmodrome, Russia",Russia,USSR,"Thu Mar 06, 1969 12:15 UTC",1969.0,Voskhod | Cosmos 270,Success
1245,RVSN USSR,"Site 132/2, Plesetsk Cosmodrome, Russia",Russia,USSR,"Wed Mar 05, 1969 17:25 UTC",1969.0,Cosmos-3M | Cosmos 269,Success
1246,RVSN USSR,"Site 86/1, Kapustin Yar, Russia",Russia,USSR,"Wed Mar 05, 1969 13:04 UTC",1969.0,Cosmos-2 (63SM) | Cosmos 268,Success
1247,US Air Force,"SLC-4W, Vandenberg SFB, California, USA",USA,USA,"Tue Mar 04, 1969 19:30 UTC",1969.0,Titan IIIB | OPS 4248,Success
1248,NASA,"LC-39A, Kennedy Space Center, Florida, USA",USA,USA,"Mon Mar 03, 1969 16:00 UTC",1969.0,Saturn V | Apollo 9,Success
1249,RVSN USSR,"Site 31/6, Baikonur Cosmodrome, Kazakhstan",Kazakhstan,USSR,"Wed Feb 26, 1969 08:30 UTC",1969.0,Voskhod | Cosmos 267,Success
1250,US Air Force,"SLC-17B, Cape Canaveral SFS, Florida, USA",USA,USA,"Wed Feb 26, 1969 07:47 UTC",1969.0,Delta E1 | ESSA-9,Success
1251,RVSN USSR,"Site 41/1, Plesetsk Cosmodrome, Russia",Russia,USSR,"Tue Feb 25, 1969 10:20 UTC",1969.0,Voskhod | Cosmos 266,Success
1252,General Dynamics,"SLC-36B, Cape Canaveral SFS, Florida, USA",USA,USA,"Tue Feb 25, 1969 01:29 UTC",1969.0,Atlas-SLV3C Centaur-D | Mariner 6,Success
1253,RVSN USSR,"Site 110/38, Baikonur Cosmodrome, Kazakhstan",Kazakhstan,USSR,"Fri Feb 21, 1969 09:18 UTC",1969.0,N-1 L3 | L1S n°1 & LK n°1,Failure
1254,RVSN USSR,"Site 81/24, Baikonur Cosmodrome, Kazakhstan",Kazakhstan,USSR,"Wed Feb 19, 1969 06:48 UTC",1969.0,Proton-K/Block D | Ye-8 n°201,Failure
1255,Martin Marietta,"SLC-41, Cape Canaveral SFS, Florida, USA",USA,USA,"Sun Feb 09, 1969 21:09 UTC",1969.0,Titan IIIC | OPS-0757 (Tacsat),Success
1256,RVSN USSR,"Site 133/3, Plesetsk Cosmodrome, Russia",Russia,USSR,"Fri Feb 07, 1969 13:59 UTC",1969.0,Cosmos-2 (63SM) | Cosmos 265,Success
1257,US Air Force,"SLC-17A, Cape Canaveral SFS, Florida, USA",USA,USA,"Thu Feb 06, 1969 00:39 UTC",1969.0,Delta M | Intelsat 3-3,Success
1258,US Air Force,"SLC-3W, Vandenberg SFB, California, USA",USA,USA,"Wed Feb 05, 1969 21:59 UTC",1969.0,Thorad SLV-2G Agena-D | KH-4B 1106,Success
1259,RVSN USSR,"Site 41/1, Plesetsk Cosmodrome, Russia",Russia,USSR,"Sat Feb 01, 1969 12:11 UTC",1969.0,Vostok-2M | Meteor n°11,Failure
1260,US Air Force,"SLC-2E (75-1-1), Vandenberg SFB, California, USA",USA,USA,"Thu Jan 30, 1969 06:46 UTC",1969.0,Delta E1 | ISIS-I,Success
1261,RVSN USSR,"Site 90/19, Baikonur Cosmodrome, Kazakhstan",Kazakhstan,USSR,"Sat Jan 25, 1969 11:14 UTC",1969.0,Tsyklon-2A | US-A n°05,Failure
1262,RVSN USSR,"Site 1/5, Baikonur Cosmodrome, Kazakhstan",Kazakhstan,USSR,"Thu Jan 23, 1969 09:15 UTC",1969.0,Voskhod | Cosmos 264,Success
1263,US Air Force,"SLC-4W, Vandenberg SFB, California, USA",USA,USA,"Wed Jan 22, 1969 19:10 UTC",1969.0,Titan IIIB | OPS 7585,Success
1264,US Air Force,"SLC-17B, Cape Canaveral SFS, Florida, USA",USA,USA,"Wed Jan 22, 1969 16:48 UTC",1969.0,Delta C1 | OSO-5,Success
1265,RVSN USSR,"Site 81/23, Baikonur Cosmodrome, Kazakhstan",Kazakhstan,USSR,"Mon Jan 20, 1969 04:14 UTC",1969.0,Proton-K/Block D | L1 n°13,Failure
1266,RVSN USSR,"Site 1/5, Baikonur Cosmodrome, Kazakhstan",Kazakhstan,USSR,"Wed Jan 15, 1969 07:04 UTC",1969.0,Soyuz | Soyuz 5,Success
1267,RVSN USSR,"Site 31/6, Baikonur Cosmodrome, Kazakhstan",Kazakhstan,USSR,"Tue Jan 14, 1969 07:30 UTC",1969.0,Soyuz | Soyuz 4,Success
1268,RVSN USSR,"Site 41/1, Plesetsk Cosmodrome, Russia",Russia,USSR,"Sun Jan 12, 1969 12:10 UTC",1969.0,Voskhod | Cosmos 263,Success
1269,RVSN USSR,"Site 1/5, Baikonur Cosmodrome, Kazakhstan",Kazakhstan,USSR,"Fri Jan 10, 1969 05:51 UTC",1969.0,Molniya-M /Block VL | Venera 6,Success
1270,RVSN USSR,"Site 1/5, Baikonur Cosmodrome, Kazakhstan",Kazakhstan,USSR,"Sun Jan 05, 1969 06:28 UTC",1969.0,Molniya-M /Block VL | Venera 5,Success
1271,RVSN USSR,"Site 86/1, Kapustin Yar, Russia",Russia,USSR,"Thu Dec 26, 1968 09:45 UTC",1968.0,Cosmos-2 (63SM) | Cosmos 262,Success
1272,NASA,"LC-39A, Kennedy Space Center, Florida, USA",USA,USA,"Sat Dec 21, 1968 12:51 UTC",1968.0,Saturn V | Apollo 8,Success
1273,RVSN USSR,"Site 133/3, Plesetsk Cosmodrome, Russia",Russia,USSR,"Thu Dec 19, 1968 23:55 UTC",1968.0,Cosmos-2 (63SM) | Cosmos 261,Success
1274,US Air Force,"SLC-17A, Cape Canaveral SFS, Florida, USA",USA,USA,"Thu Dec 19, 1968 00:32 UTC",1968.0,Delta M | Intelsat 3-2,Success
1275,RVSN USSR,"Site 1/5, Baikonur Cosmodrome, Kazakhstan",Kazakhstan,USSR,"Mon Dec 16, 1968 09:15 UTC",1968.0,Molniya-M /Block L | Cosmos 260,Success
1276,US Air Force,"SLC-2E (75-1-1), Vandenberg SFB, California, USA",USA,USA,"Sun Dec 15, 1968 17:21 UTC",1968.0,Delta N | ESSA-8,Success
1277,RVSN USSR,"Site 86/1, Kapustin Yar, Russia",Russia,USSR,"Sat Dec 14, 1968 05:09 UTC",1968.0,Cosmos-2 (63SM) | Cosmos 259,Success
1278,US Air Force,"SLC-3W, Vandenberg SFB, California, USA",USA,USA,"Thu Dec 12, 1968 22:22 UTC",1968.0,Thorad SLV-2G Agena-D | KH-4A 1049,Success
1279,RVSN USSR,"Site 31/6, Baikonur Cosmodrome, Kazakhstan",Kazakhstan,USSR,"Tue Dec 10, 1968 08:25 UTC",1968.0,Voskhod | Cosmos 258,Success
1280,General Dynamics,"SLC-36B, Cape Canaveral SFS, Florida, USA",USA,USA,"Sat Dec 07, 1968 08:40 UTC",1968.0,Atlas-SLV3C Centaur-D | OAO-2,Success
1281,US Air Force,"SLC-17B, Cape Canaveral SFS, Florida, USA",USA,USA,"Thu Dec 05, 1968 18:55 UTC",1968.0,Delta E1 | HEOS-A,Success
1282,US Air Force,"SLC-4W, Vandenberg SFB, California, USA",USA,USA,"Wed Dec 04, 1968 19:23 UTC",1968.0,Titan IIIB | OPS 6518,Success
1283,RVSN USSR,"Site 133/3, Plesetsk Cosmodrome, Russia",Russia,USSR,"Tue Dec 03, 1968 14:52 UTC",1968.0,Cosmos-2 (63SM) | Cosmos 257,Success
1284,RVSN USSR,"Site 132/2, Plesetsk Cosmodrome, Russia",Russia,USSR,"Sat Nov 30, 1968 12:00 UTC",1968.0,Cosmos-3M | Cosmos 256,Success
1285,CECLES,"LA-5B, RAAF Woomera Range Complex, Australia",Australia,Other,"Fri Nov 29, 1968 23:12 UTC",1968.0,Europa 1 | STV-1,Failure
1286,RVSN USSR,"Site 41/1, Plesetsk Cosmodrome, Russia",Russia,USSR,"Fri Nov 29, 1968 12:40 UTC",1968.0,Voskhod | Cosmos 255,Success
1287,RVSN USSR,"Site 41/1, Plesetsk Cosmodrome, Russia",Russia,USSR,"Thu Nov 21, 1968 12:10 UTC",1968.0,Voskhod | Cosmos 254,Success
1288,RVSN USSR,"Site 81/24, Baikonur Cosmodrome, Kazakhstan",Kazakhstan,USSR,"Sat Nov 16, 1968 11:40 UTC",1968.0,Proton-K | Proton 4,Success
1289,RVSN USSR,"Site 41/1, Plesetsk Cosmodrome, Russia",Russia,USSR,"Wed Nov 13, 1968 12:00 UTC",1968.0,Voskhod | Cosmos 253,Success
1290,RVSN USSR,"Site 81/23, Baikonur Cosmodrome, Kazakhstan",Kazakhstan,USSR,"Sun Nov 10, 1968 19:11 UTC",1968.0,Proton-K/Block D | Zond 6,Success
1291,US Air Force,"SLC-17B, Cape Canaveral SFS, Florida, USA",USA,USA,"Fri Nov 08, 1968 09:46 UTC",1968.0,Delta E1 | Pioneer 9 & TTS-2,Success
1292,US Air Force,"SLC-4W, Vandenberg SFB, California, USA",USA,USA,"Wed Nov 06, 1968 19:10 UTC",1968.0,Titan IIIB | OPS 5296,Success
1293,US Air Force,"SLC-3W, Vandenberg SFB, California, USA",USA,USA,"Sun Nov 03, 1968 21:30 UTC",1968.0,Thorad SLV-2G Agena-D | KH-4B 1105,Success
1294,RVSN USSR,"Site 90/20, Baikonur Cosmodrome, Kazakhstan",Kazakhstan,USSR,"Fri Nov 01, 1968 00:27 UTC",1968.0,Tsyklon-2A | Cosmos 252,Success
1295,RVSN USSR,"Site 1/5, Baikonur Cosmodrome, Kazakhstan",Kazakhstan,USSR,"Thu Oct 31, 1968 09:14 UTC",1968.0,Voskhod | Cosmos 251,Success
1296,RVSN USSR,"Site 132/2, Plesetsk Cosmodrome, Russia",Russia,USSR,"Wed Oct 30, 1968 22:00 UTC",1968.0,Cosmos-3M | Cosmos 250,Success
1297,RVSN USSR,"Site 31/6, Baikonur Cosmodrome, Kazakhstan",Kazakhstan,USSR,"Sat Oct 26, 1968 08:34 UTC",1968.0,Soyuz | Soyuz 3,Success
1298,RVSN USSR,"Site 1/5, Baikonur Cosmodrome, Kazakhstan",Kazakhstan,USSR,"Fri Oct 25, 1968 09:00 UTC",1968.0,Soyuz | Soyuz 2,Success
1299,US Air Force,"SLC-10W (75-2-6), Vandenberg SFB, California, USA",USA,USA,"Wed Oct 23, 1968 04:34 UTC",1968.0,Thor-LV2D Burner-2 | DMSP-4B-F2,Success
1300,RVSN USSR,"Site 90/20, Baikonur Cosmodrome, Kazakhstan",Kazakhstan,USSR,"Sun Oct 20, 1968 04:02 UTC",1968.0,Tsyklon-2A | Cosmos 249,Success
1301,RVSN USSR,"Site 90/19, Baikonur Cosmodrome, Kazakhstan",Kazakhstan,USSR,"Sat Oct 19, 1968 04:20 UTC",1968.0,Tsyklon-2A | Cosmos 248,Success
1302,NASA,"LC-34, Cape Canaveral SFS, Florida, USA",USA,USA,"Fri Oct 11, 1968 15:02 UTC",1968.0,Saturn IB | Apollo 7,Success
1303,RVSN USSR,"Site 41/1, Plesetsk Cosmodrome, Russia",Russia,USSR,"Fri Oct 11, 1968 12:05 UTC",1968.0,Voskhod | Cosmos 247,Success
1304,RVSN USSR,"Site 41/1, Plesetsk Cosmodrome, Russia",Russia,USSR,"Mon Oct 07, 1968 12:05 UTC",1968.0,Voskhod | Cosmos 246,Partial Failure
1305,US Air Force,"SLC-1W (75-3-4), Vandenberg SFB, California, USA",USA,USA,"Sat Oct 05, 1968 11:16 UTC",1968.0,Thorad SLV-2G Agena-D | Ferret 13,Success
1306,RVSN USSR,"Site 1/5, Baikonur Cosmodrome, Kazakhstan",Kazakhstan,USSR,"Sat Oct 05, 1968 00:32 UTC",1968.0,Molniya-M /Block L | Molniya-1 n°14,Success
1307,US Air Force,"SLC-5, Vandenberg SFB, California, USA",USA,USA,"Thu Oct 03, 1968 20:49 UTC",1968.0,Scout B | ESRO 1A,Success
1308,RVSN USSR,"Site 133/3, Plesetsk Cosmodrome, Russia",Russia,USSR,"Thu Oct 03, 1968 12:58 UTC",1968.0,Cosmos-2 (63SM) | Cosmos 245,Success
1309,RVSN USSR,"Site 161/61, Baikonur Cosmodrome, Kazakhstan",Kazakhstan,USSR,"Wed Oct 02, 1968 13:35 UTC",1968.0,R-36 Orb. | Cosmos 244,Success
1310,Martin Marietta,"SLC-41, Cape Canaveral SFS, Florida, USA",USA,USA,"Thu Sep 26, 1968 07:37 UTC",1968.0,"Titan IIIC | LES-6, OV2-5, OV5-2, OV5-4",Success
1311,RVSN USSR,"Site 1/5, Baikonur Cosmodrome, Kazakhstan",Kazakhstan,USSR,"Mon Sep 23, 1968 07:39 UTC",1968.0,Voskhod | Cosmos 243,Success
1312,RVSN USSR,"Site 133/3, Plesetsk Cosmodrome, Russia",Russia,USSR,"Fri Sep 20, 1968 14:39 UTC",1968.0,Cosmos-2 (63SM) | Cosmos 242,Success
1313,US Air Force,"SLC-17A, Cape Canaveral SFS, Florida, USA",USA,USA,"Thu Sep 19, 1968 00:09 UTC",1968.0,Delta M | Intelsat 3-1,Failure
1314,US Air Force,"SLC-1E (75-3-5), Vandenberg SFB, California, USA",USA,USA,"Wed Sep 18, 1968 21:32 UTC",1968.0,Thorad SLV-2G Agena-D | KH-4A 1048,Success
1315,RVSN USSR,"Site 41/1, Plesetsk Cosmodrome, Russia",Russia,USSR,"Mon Sep 16, 1968 12:30 UTC",1968.0,Voskhod | Cosmos 241,Success
1316,RVSN USSR,"Site 81/23, Baikonur Cosmodrome, Kazakhstan",Kazakhstan,USSR,"Sat Sep 14, 1968 21:42 UTC",1968.0,Proton-K/Block D | Zond 5,Success
1317,RVSN USSR,"Site 31/6, Baikonur Cosmodrome, Kazakhstan",Kazakhstan,USSR,"Sat Sep 14, 1968 06:50 UTC",1968.0,Voskhod | Cosmos 240,Success
1318,US Air Force,"SLC-4W, Vandenberg SFB, California, USA",USA,USA,"Tue Sep 10, 1968 18:30 UTC",1968.0,Titan IIIB | OPS 5247,Success
1319,RVSN USSR,"Site 31/6, Baikonur Cosmodrome, Kazakhstan",Kazakhstan,USSR,"Thu Sep 05, 1968 07:00 UTC",1968.0,Voskhod | Cosmos 239,Success
1320,RVSN USSR,"Site 31/6, Baikonur Cosmodrome, Kazakhstan",Kazakhstan,USSR,"Wed Aug 28, 1968 10:04 UTC",1968.0,Soyuz | Cosmos 238,Success
1321,RVSN USSR,"Site 41/1, Plesetsk Cosmodrome, Russia",Russia,USSR,"Tue Aug 27, 1968 12:29 UTC",1968.0,Voskhod | Cosmos 237,Success
1322,RVSN USSR,"Site 41/15, Baikonur Cosmodrome, Kazakhstan",Kazakhstan,USSR,"Tue Aug 27, 1968 11:29 UTC",1968.0,Cosmos-3 | Cosmos 236,Success
1323,General Dynamics,"SLC-3E, Vandenberg SFB, California, USA",USA,USA,"Fri Aug 16, 1968 20:57 UTC",1968.0,Atlas-SLV3 Burner-2 | STP P68-1,Failure
1324,US Air Force,"SLC-2E (75-1-1), Vandenberg SFB, California, USA",USA,USA,"Fri Aug 16, 1968 11:24 UTC",1968.0,Delta N | ESSA-7,Success
1325,General Dynamics,"SLC-36A, Cape Canaveral SFS, Florida, USA",USA,USA,"Sat Aug 10, 1968 22:33 UTC",1968.0,Atlas-SLV3C Centaur-D | ATS-4,Partial Failure
1326,RVSN USSR,"Site 31/6, Baikonur Cosmodrome, Kazakhstan",Kazakhstan,USSR,"Fri Aug 09, 1968 07:00 UTC",1968.0,Voskhod | Cosmos 235,Success
1327,US Air Force,"SLC-5, Vandenberg SFB, California, USA",USA,USA,"Thu Aug 08, 1968 20:12 UTC",1968.0,Scout B | Explorer 39 & 40 (AD-C & Injun 5),Success
1328,US Air Force,"SLC-3W, Vandenberg SFB, California, USA",USA,USA,"Wed Aug 07, 1968 21:36 UTC",1968.0,Thorad SLV-2G Agena-D | KH-4B 1104,Success
1329,US Air Force,"SLC-4W, Vandenberg SFB, California, USA",USA,USA,"Tue Aug 06, 1968 16:30 UTC",1968.0,Titan IIIB | OPS 5187,Success
1330,General Dynamics,"LC-13, Cape Canaveral SFS, Florida, USA",USA,USA,"Tue Aug 06, 1968 11:08 UTC",1968.0,Atlas-SLV3A Agena-D | Canyon 1 (AFP-827),Success
1331,RVSN USSR,"Site 31/6, Baikonur Cosmodrome, Kazakhstan",Kazakhstan,USSR,"Tue Jul 30, 1968 07:00 UTC",1968.0,Voskhod | Cosmos 234,Success
1332,RVSN USSR,"Site 133/3, Plesetsk Cosmodrome, Russia",Russia,USSR,"Thu Jul 18, 1968 19:59 UTC",1968.0,Cosmos-2 (63SM) | Cosmos 233,Success
1333,RVSN USSR,"Site 41/1, Plesetsk Cosmodrome, Russia",Russia,USSR,"Tue Jul 16, 1968 13:10 UTC",1968.0,Voskhod | Cosmos 232,Success
1334,General Dynamics,"LC-576A2, Vandenberg SFB, California, USA",USA,USA,"Thu Jul 11, 1968 19:30 UTC",1968.0,Atlas-E/F OV1 | OV1-15/OV1-16,Success
1335,RVSN USSR,"Site 31/6, Baikonur Cosmodrome, Kazakhstan",Kazakhstan,USSR,"Wed Jul 10, 1968 19:49 UTC",1968.0,Voskhod | Cosmos 231,Success
1336,RVSN USSR,"Site 1/5, Baikonur Cosmodrome, Kazakhstan",Kazakhstan,USSR,"Fri Jul 05, 1968 15:25 UTC",1968.0,Molniya-M /Block L | Molniya-1 n°13,Success
1337,RVSN USSR,"Site 86/1, Kapustin Yar, Russia",Russia,USSR,"Fri Jul 05, 1968 06:59 UTC",1968.0,Cosmos-2 (63SM) | Cosmos 230,Success
1338,US Air Force,"SLC-2E (75-1-1), Vandenberg SFB, California, USA",USA,USA,"Thu Jul 04, 1968 17:26 UTC",1968.0,Delta J | Explorer 38 (RAE-A),Success
1339,RVSN USSR,"Site 41/1, Plesetsk Cosmodrome, Russia",Russia,USSR,"Wed Jun 26, 1968 11:00 UTC",1968.0,Voskhod | Cosmos 229,Success
1340,RVSN USSR,"Site 1/5, Baikonur Cosmodrome, Kazakhstan",Kazakhstan,USSR,"Fri Jun 21, 1968 12:00 UTC",1968.0,Voskhod | Cosmos 228,Success
1341,US Air Force,"SLC-1E (75-3-5), Vandenberg SFB, California, USA",USA,USA,"Thu Jun 20, 1968 21:46 UTC",1968.0,Thorad SLV-2G Agena-D | KH-4A 1047,Success
1342,RVSN USSR,"Site 31/6, Baikonur Cosmodrome, Kazakhstan",Kazakhstan,USSR,"Tue Jun 18, 1968 06:15 UTC",1968.0,Voskhod | Cosmos 227,Success
1343,RVSN USSR,"Site 41/15, Baikonur Cosmodrome, Kazakhstan",Kazakhstan,USSR,"Sat Jun 15, 1968 12:25 UTC",1968.0,Cosmos-3 | Strela-2 n°4,Failure
1344,Martin Marietta,"SLC-41, Cape Canaveral SFS, Florida, USA",USA,USA,"Thu Jun 13, 1968 14:03 UTC",1968.0,Titan IIIC | OPS 9341-9348,Success
1345,RVSN USSR,"Site 41/1, Plesetsk Cosmodrome, Russia",Russia,USSR,"Wed Jun 12, 1968 13:14 UTC",1968.0,Vostok-2M | Cosmos 226,Success
1346,RVSN USSR,"Site 86/1, Kapustin Yar, Russia",Russia,USSR,"Tue Jun 11, 1968 21:29 UTC",1968.0,Cosmos-2 (63SM) | Cosmos 225,Success
1347,US Air Force,"SLC-4W, Vandenberg SFB, California, USA",USA,USA,"Wed Jun 05, 1968 17:33 UTC",1968.0,Titan IIIB | OPS 5138,Success
1348,RVSN USSR,"Site 132/2, Plesetsk Cosmodrome, Russia",Russia,USSR,"Tue Jun 04, 1968 18:45 UTC",1968.0,Cosmos-3M | Sfera #2,Failure
1349,RVSN USSR,"Site 31/6, Baikonur Cosmodrome, Kazakhstan",Kazakhstan,USSR,"Tue Jun 04, 1968 06:45 UTC",1968.0,Voskhod | Cosmos 224,Success
1350,RVSN USSR,"Site 41/1, Plesetsk Cosmodrome, Russia",Russia,USSR,"Sat Jun 01, 1968 10:50 UTC",1968.0,Voskhod | Cosmos 223,Success
1351,RVSN USSR,"Site 133/3, Plesetsk Cosmodrome, Russia",Russia,USSR,"Thu May 30, 1968 20:29 UTC",1968.0,Cosmos-2 (63SM) | Cosmos 222,Success
1352,RVSN USSR,"Site 161/61, Baikonur Cosmodrome, Kazakhstan",Kazakhstan,USSR,"Mon May 27, 1968 23:15 UTC",1968.0,R-36 Orb. | OGTch n°19,Success
1353,RVSN USSR,"Site 86/1, Kapustin Yar, Russia",Russia,USSR,"Fri May 24, 1968 07:04 UTC",1968.0,Cosmos-2 (63SM) | Cosmos 221,Success
1354,US Air Force,"SLC-10W (75-2-6), Vandenberg SFB, California, USA",USA,USA,"Thu May 23, 1968 04:38 UTC",1968.0,Thor-LV2D Burner-2 | DMSP-4B-F1,Success
1355,RVSN USSR,"Site 162/62, Baikonur Cosmodrome, Kazakhstan",Kazakhstan,USSR,"Mon May 20, 1968 22:05 UTC",1968.0,R-36 Orb. | OGTch n°18,Success
1356,US Air Force,"SLC-2E (75-1-1), Vandenberg SFB, California, USA",USA,USA,"Sat May 18, 1968 08:23 UTC",1968.0,Thorad SLV-2G Agena-D | Nimbus B & EGRS-10,Failure
1357,US Air Force,"SLC-5, Vandenberg SFB, California, USA",USA,USA,"Fri May 17, 1968 02:06 UTC",1968.0,Scout B | ESRO 2B,Success
1358,RVSN USSR,"Site 132/2, Plesetsk Cosmodrome, Russia",Russia,USSR,"Tue May 07, 1968 13:57 UTC",1968.0,Cosmos-3M | Cosmos 220,Success
1359,US Air Force,"SLC-3W, Vandenberg SFB, California, USA",USA,USA,"Wed May 01, 1968 21:31 UTC",1968.0,Thorad SLV-2G Agena-D | KH-4B 1103,Success
1360,RVSN USSR,"Site 86/1, Kapustin Yar, Russia",Russia,USSR,"Fri Apr 26, 1968 04:42 UTC",1968.0,Cosmos-2 (63SM) | Cosmos 219,Success
1361,RVSN USSR,"Site 162/62, Baikonur Cosmodrome, Kazakhstan",Kazakhstan,USSR,"Thu Apr 25, 1968 00:45 UTC",1968.0,R-36 Orb. | Cosmos 218,Success
1362,RVSN USSR,"Site 90/19, Baikonur Cosmodrome, Kazakhstan",Kazakhstan,USSR,"Wed Apr 24, 1968 16:00 UTC",1968.0,Tsyklon-2A | Cosmos 217,Failure
1363,RVSN USSR,"Site 81/24, Baikonur Cosmodrome, Kazakhstan",Kazakhstan,USSR,"Mon Apr 22, 1968 23:01 UTC",1968.0,Proton-K/Block D | L1 n°7L,Success
1364,RVSN USSR,"Site 1/5, Baikonur Cosmodrome, Kazakhstan",Kazakhstan,USSR,"Sun Apr 21, 1968 04:20 UTC",1968.0,Molniya-M /Block L | Molniya-1 n°10,Success
1365,RVSN USSR,"Site 31/6, Baikonur Cosmodrome, Kazakhstan",Kazakhstan,USSR,"Sat Apr 20, 1968 10:30 UTC",1968.0,Voskhod | Cosmos 216,Success
1366,RVSN USSR,"Site 86/1, Kapustin Yar, Russia",Russia,USSR,"Thu Apr 18, 1968 22:29 UTC",1968.0,Cosmos-2 (63SM) | Cosmos 215,Success
1367,RVSN USSR,"Site 41/1, Plesetsk Cosmodrome, Russia",Russia,USSR,"Thu Apr 18, 1968 10:30 UTC",1968.0,Voskhod | Cosmos 214,Success
1368,US Air Force,"SLC-4W, Vandenberg SFB, California, USA",USA,USA,"Wed Apr 17, 1968 17:00 UTC",1968.0,Titan IIIB | OPS 5105,Success
1369,RVSN USSR,"Site 1/5, Baikonur Cosmodrome, Kazakhstan",Kazakhstan,USSR,"Mon Apr 15, 1968 09:34 UTC",1968.0,Soyuz | Cosmos 213,Success
1370,RVSN USSR,"Site 31/6, Baikonur Cosmodrome, Kazakhstan",Kazakhstan,USSR,"Sun Apr 14, 1968 10:00 UTC",1968.0,Soyuz | Cosmos 212,Success
1371,RVSN USSR,"Site 133/3, Plesetsk Cosmodrome, Russia",Russia,USSR,"Tue Apr 09, 1968 11:26 UTC",1968.0,Cosmos-2 (63SM) | Cosmos 211,Success
1372,RVSN USSR,"Site 1/5, Baikonur Cosmodrome, Kazakhstan",Kazakhstan,USSR,"Sun Apr 07, 1968 10:09 UTC",1968.0,Molniya-M /Block L | Luna 14,Success
1373,General Dynamics,"LC-576A2, Vandenberg SFB, California, USA",USA,USA,"Sat Apr 06, 1968 09:59 UTC",1968.0,Atlas-E/F OV1 | OV1-13/OV1-14,Success
1374,NASA,"LC-39A, Kennedy Space Center, Florida, USA",USA,USA,"Thu Apr 04, 1968 12:00 UTC",1968.0,Saturn V | Apollo 6,Partial Failure
1375,RVSN USSR,"Site 41/1, Plesetsk Cosmodrome, Russia",Russia,USSR,"Wed Apr 03, 1968 11:00 UTC",1968.0,Voskhod | Cosmos 210,Success
1377,RVSN USSR,"Site 90/19, Baikonur Cosmodrome, Kazakhstan",Kazakhstan,USSR,"Fri Mar 22, 1968 09:30 UTC",1968.0,Tsyklon-2A | Cosmos 209,Success
1378,RVSN USSR,"Site 1/5, Baikonur Cosmodrome, Kazakhstan",Kazakhstan,USSR,"Thu Mar 21, 1968 09:50 UTC",1968.0,Voskhod | Cosmos 208,Success
1379,RVSN USSR,"Site 41/1, Plesetsk Cosmodrome, Russia",Russia,USSR,"Sat Mar 16, 1968 12:30 UTC",1968.0,Voskhod | Cosmos 207,Success
1380,US Air Force,"SLC-1E (75-3-5), Vandenberg SFB, California, USA",USA,USA,"Thu Mar 14, 1968 22:00 UTC",1968.0,Thorad SLV-2G Agena-D | KH-4A 1046,Success
1381,RVSN USSR,"Site 41/1, Plesetsk Cosmodrome, Russia",Russia,USSR,"Thu Mar 14, 1968 09:34 UTC",1968.0,Vostok-2M | Cosmos 206,Success
1382,US Air Force,"SLC-4W, Vandenberg SFB, California, USA",USA,USA,"Wed Mar 13, 1968 19:51 UTC",1968.0,Titan IIIB | OPS 5057,Success
1383,RVSN USSR,"Site 86/1, Kapustin Yar, Russia",Russia,USSR,"Wed Mar 06, 1968 11:02 UTC",1968.0,Cosmos-2 (63SM) | DS-U1-Ya #1,Failure
1384,NASA,"LA-3, Wallops Flight Facility, Virginia, USA",USA,USA,"Tue Mar 05, 1968 18:28 UTC",1968.0,Scout B | Explorer 37 (Solrad 9),Partial Failure
1385,RVSN USSR,"Site 41/1, Plesetsk Cosmodrome, Russia",Russia,USSR,"Tue Mar 05, 1968 12:30 UTC",1968.0,Voskhod | Cosmos 205,Success
1386,RVSN USSR,"Site 133/3, Plesetsk Cosmodrome, Russia",Russia,USSR,"Tue Mar 05, 1968 11:20 UTC",1968.0,Cosmos-2 (63SM) | Cosmos 204,Success
1387,General Dynamics,"LC-13, Cape Canaveral SFS, Florida, USA",USA,USA,"Mon Mar 04, 1968 13:06 UTC",1968.0,Atlas-SLV3A Agena-D | OGO-5,Success
1388,RVSN USSR,"Site 81/23, Baikonur Cosmodrome, Kazakhstan",Kazakhstan,USSR,"Sat Mar 02, 1968 18:29 UTC",1968.0,Proton-K/Block D | Zond 4,Success
1389,US Air Force,"SLC-5, Vandenberg SFB, California, USA",USA,USA,"Sat Mar 02, 1968 03:55 UTC",1968.0,Scout A | Transit-O 18,Success
1390,RVSN USSR,"Site 132/2, Plesetsk Cosmodrome, Russia",Russia,USSR,"Tue Feb 20, 1968 16:00 UTC",1968.0,Cosmos-3M | Cosmos 203,Success
1391,RVSN USSR,"Site 86/1, Kapustin Yar, Russia",Russia,USSR,"Tue Feb 20, 1968 10:03 UTC",1968.0,Cosmos-2 (63SM) | Cosmos 202,Success
1392,RVSN USSR,"Site 1/5, Baikonur Cosmodrome, Kazakhstan",Kazakhstan,USSR,"Wed Feb 07, 1968 10:43 UTC",1968.0,Molniya-M /Block L | E-6LS n°112,Failure
1393,RVSN USSR,"Site 31/6, Baikonur Cosmodrome, Kazakhstan",Kazakhstan,USSR,"Tue Feb 06, 1968 08:00 UTC",1968.0,Voskhod | Cosmos 201,Success
1394,US Air Force,"SLC-1E (75-3-5), Vandenberg SFB, California, USA",USA,USA,"Wed Jan 24, 1968 22:26 UTC",1968.0,Thorad SLV-2G Agena-D | KH-4A 1045,Success
1395,NASA,"SLC-37B, Cape Canaveral SFS, Florida, USA",USA,USA,"Mon Jan 22, 1968 22:48 UTC",1968.0,Saturn IB | Apollo 5,Success
1396,RVSN USSR,"Site 132/2, Plesetsk Cosmodrome, Russia",Russia,USSR,"Fri Jan 19, 1968 22:00 UTC",1968.0,Cosmos-3M | Cosmos 200,Success
1397,US Air Force,"SLC-4W, Vandenberg SFB, California, USA",USA,USA,"Thu Jan 18, 1968 19:04 UTC",1968.0,Titan IIIB | OPS 5028,Success
1398,US Air Force,"SLC-2W, Vandenberg SFB, California, USA",USA,USA,"Wed Jan 17, 1968 10:12 UTC",1968.0,Thor-SLV2A Agena-D | OPS 1965,Success
1399,RVSN USSR,"Site 41/1, Plesetsk Cosmodrome, Russia",Russia,USSR,"Tue Jan 16, 1968 12:00 UTC",1968.0,Voskhod | Cosmos 199,Success
1400,US Air Force,"SLC-2E (75-1-1), Vandenberg SFB, California, USA",USA,USA,"Thu Jan 11, 1968 16:16 UTC",1968.0,Delta E1 | Explorer 36 (GEOS 2),Success
1401,General Dynamics,"SLC-36A, Cape Canaveral SFS, Florida, USA",USA,USA,"Sun Jan 07, 1968 06:30 UTC",1968.0,Atlas-SLV3C Centaur-D | Surveyor 7,Success
1402,RVSN USSR,"Site 90/19, Baikonur Cosmodrome, Kazakhstan",Kazakhstan,USSR,"Wed Dec 27, 1967 11:28 UTC",1967.0,Tsyklon-2A | Cosmos 198,Success
1403,RVSN USSR,"Site 86/1, Kapustin Yar, Russia",Russia,USSR,"Tue Dec 26, 1967 09:01 UTC",1967.0,Cosmos-2 (63SM) | Cosmos 197,Success
1404,RVSN USSR,"Site 86/1, Kapustin Yar, Russia",Russia,USSR,"Tue Dec 19, 1967 06:30 UTC",1967.0,Cosmos-1 (65S3) | Cosmos 196,Success
1405,RVSN USSR,"Site 41/1, Plesetsk Cosmodrome, Russia",Russia,USSR,"Sat Dec 16, 1967 12:00 UTC",1967.0,Voskhod | Cosmos 195,Success
1406,US Air Force,"SLC-17B, Cape Canaveral SFS, Florida, USA",USA,USA,"Wed Dec 13, 1967 14:08 UTC",1967.0,Delta E1 | Pioneer 8 & TTS-1,Success
1407,US Air Force,"SLC-1W (75-3-4), Vandenberg SFB, California, USA",USA,USA,"Sat Dec 09, 1967 22:25 UTC",1967.0,Thorad SLV-2G Agena-D | KH-4B 1102,Success
1408,US Air Force,"SLC-4W, Vandenberg SFB, California, USA",USA,USA,"Tue Dec 05, 1967 18:45 UTC",1967.0,Titan IIIB | OPS 5000,Success
1409,US Air Force,"SLC-5, Vandenberg SFB, California, USA",USA,USA,"Tue Dec 05, 1967 01:03 UTC",1967.0,Scout B | OV3 6,Success
1410,RVSN USSR,"Site 41/1, Plesetsk Cosmodrome, Russia",Russia,USSR,"Sun Dec 03, 1967 12:00 UTC",1967.0,Voskhod | Cosmos 194,Success
1411,ABMA,"LA-5B, RAAF Woomera Range Complex, Australia",Australia,Other,"Wed Nov 29, 1967 04:49 UTC",1967.0,Redstone Sparta | WRESAT,Success
1412,RVSN USSR,"Site 41/1, Plesetsk Cosmodrome, Russia",Russia,USSR,"Sat Nov 25, 1967 11:30 UTC",1967.0,Voskhod | Cosmos 193,Success
1413,RVSN USSR,"Site 132/2, Plesetsk Cosmodrome, Russia",Russia,USSR,"Thu Nov 23, 1967 15:00 UTC",1967.0,Cosmos-3M | Cosmos 192,Success
1414,RVSN USSR,"Site 81/24, Baikonur Cosmodrome, Kazakhstan",Kazakhstan,USSR,"Wed Nov 22, 1967 19:07 UTC",1967.0,Proton-K/Block D | L1 n°5L,Failure
1415,RVSN USSR,"Site 133/3, Plesetsk Cosmodrome, Russia",Russia,USSR,"Tue Nov 21, 1967 14:29 UTC",1967.0,Cosmos-2 (63SM) | Cosmos 191,Success
1416,US Air Force,"SLC-2E (75-1-1), Vandenberg SFB, California, USA",USA,USA,"Fri Nov 10, 1967 17:53 UTC",1967.0,Delta E1 | ESSA-6,Success
1417,NASA,"LC-39A, Kennedy Space Center, Florida, USA",USA,USA,"Thu Nov 09, 1967 12:00 UTC",1967.0,Saturn V | Apollo 4,Success
1418,General Dynamics,"SLC-36B, Cape Canaveral SFS, Florida, USA",USA,USA,"Tue Nov 07, 1967 07:39 UTC",1967.0,Atlas-SLV3C Centaur-D | Surveyor 6,Success
1419,General Dynamics,"LC-12, Cape Canaveral SFS, Florida, USA",USA,USA,"Sun Nov 05, 1967 23:37 UTC",1967.0,Atlas-SLV3 Agena-D | ATS-3,Success
1420,RVSN USSR,"Site 41/1, Plesetsk Cosmodrome, Russia",Russia,USSR,"Fri Nov 03, 1967 11:20 UTC",1967.0,Voskhod | Cosmos 190,Success
1421,US Air Force,"SLC-1E (75-3-5), Vandenberg SFB, California, USA",USA,USA,"Thu Nov 02, 1967 21:31 UTC",1967.0,Thorad SLV-2G Agena-D | KH-4A 1044 & Others,Success
1422,RVSN USSR,"Site 132/2, Plesetsk Cosmodrome, Russia",Russia,USSR,"Mon Oct 30, 1967 17:59 UTC",1967.0,Cosmos-3M | Cosmos 189,Success
1423,RVSN USSR,"Site 1/5, Baikonur Cosmodrome, Kazakhstan",Kazakhstan,USSR,"Mon Oct 30, 1967 08:12 UTC",1967.0,Soyuz | Cosmos 188,Success
1424,RVSN USSR,"Site 162/62, Baikonur Cosmodrome, Kazakhstan",Kazakhstan,USSR,"Sat Oct 28, 1967 13:15 UTC",1967.0,R-36 Orb. | Cosmos 187,Success
1425,RVSN USSR,"Site 31/6, Baikonur Cosmodrome, Kazakhstan",Kazakhstan,USSR,"Fri Oct 27, 1967 09:29 UTC",1967.0,Soyuz | Cosmos 186,Success
1426,RVSN USSR,"Site 90/19, Baikonur Cosmodrome, Kazakhstan",Kazakhstan,USSR,"Fri Oct 27, 1967 02:21 UTC",1967.0,Tsyklon-2A | Cosmos 185,Success
1427,US Air Force,"SLC-4W, Vandenberg SFB, California, USA",USA,USA,"Wed Oct 25, 1967 19:15 UTC",1967.0,Titan IIIB | OPS 4995,Success
1428,RVSN USSR,"Site 41/1, Plesetsk Cosmodrome, Russia",Russia,USSR,"Tue Oct 24, 1967 22:49 UTC",1967.0,Vostok-2M | Cosmos 184,Success
1429,RVSN USSR,"Site 1/5, Baikonur Cosmodrome, Kazakhstan",Kazakhstan,USSR,"Sun Oct 22, 1967 08:40 UTC",1967.0,Molniya | Molniya-1 n°12,Success
1430,US Air Force,"SLC-17B, Cape Canaveral SFS, Florida, USA",USA,USA,"Wed Oct 18, 1967 15:58 UTC",1967.0,Delta C | OSO-4,Success
1431,RVSN USSR,"Site 161/61, Baikonur Cosmodrome, Kazakhstan",Kazakhstan,USSR,"Wed Oct 18, 1967 13:30 UTC",1967.0,R-36 Orb. | Cosmos 183,Success
1432,RVSN USSR,"Site 31/6, Baikonur Cosmodrome, Kazakhstan",Kazakhstan,USSR,"Mon Oct 16, 1967 08:00 UTC",1967.0,Voskhod | Cosmos 182,Success
1433,OKB-586,"Site 41/15, Baikonur Cosmodrome, Kazakhstan",Kazakhstan,USSR,"Thu Oct 12, 1967 14:15 UTC",1967.0,Cosmos-3 | VKZ n°1,Success
1434,RVSN USSR,"Site 41/1, Plesetsk Cosmodrome, Russia",Russia,USSR,"Wed Oct 11, 1967 11:30 UTC",1967.0,Voskhod | Cosmos 181,Success
1435,US Air Force,"SLC-10W (75-2-6), Vandenberg SFB, California, USA",USA,USA,"Wed Oct 11, 1967 07:57 UTC",1967.0,Thor-LV2D Burner-2 | DMSP-4A-F4,Success
1436,RVSN USSR,"Site 1/5, Baikonur Cosmodrome, Kazakhstan",Kazakhstan,USSR,"Tue Oct 03, 1967 05:00 UTC",1967.0,Molniya | Molniya-1 n°9,Success
1437,US Air Force,"SLC-17B, Cape Canaveral SFS, Florida, USA",USA,USA,"Thu Sep 28, 1967 00:45 UTC",1967.0,Delta E1 | Intelsat 2-4,Success
1438,RVSN USSR,"Site 81/23, Baikonur Cosmodrome, Kazakhstan",Kazakhstan,USSR,"Wed Sep 27, 1967 22:11 UTC",1967.0,Proton-K/Block D | L1 n°4L,Failure
1439,RVSN USSR,"Site 132/2, Plesetsk Cosmodrome, Russia",Russia,USSR,"Wed Sep 27, 1967 11:00 UTC",1967.0,Cosmos-3M | Zaliv #2,Failure
1440,RVSN USSR,"Site 41/1, Plesetsk Cosmodrome, Russia",Russia,USSR,"Tue Sep 26, 1967 10:20 UTC",1967.0,Voskhod | Cosmos 180,Success
1441,US Air Force,"SLC-5, Vandenberg SFB, California, USA",USA,USA,"Mon Sep 25, 1967 08:25 UTC",1967.0,Scout A | Transit-O 14,Success
1442,RVSN USSR,"Site 162/62, Baikonur Cosmodrome, Kazakhstan",Kazakhstan,USSR,"Fri Sep 22, 1967 14:05 UTC",1967.0,R-36 Orb. | Cosmos 179,Success
1443,US Air Force,"SLC-4W, Vandenberg SFB, California, USA",USA,USA,"Tue Sep 19, 1967 18:37 UTC",1967.0,Titan IIIB | OPS 4941,Success
1444,RVSN USSR,"Site 161/61, Baikonur Cosmodrome, Kazakhstan",Kazakhstan,USSR,"Tue Sep 19, 1967 14:45 UTC",1967.0,R-36 Orb. | Cosmos 178,Success
1445,RVSN USSR,"Site 1/5, Baikonur Cosmodrome, Kazakhstan",Kazakhstan,USSR,"Sat Sep 16, 1967 06:06 UTC",1967.0,Voskhod | Cosmos 177,Success
1446,US Air Force,"SLC-1W (75-3-4), Vandenberg SFB, California, USA",USA,USA,"Fri Sep 15, 1967 19:41 UTC",1967.0,Thorad SLV-2G Agena-D | KH-4B 1101,Success
1447,RVSN USSR,"Site 133/3, Plesetsk Cosmodrome, Russia",Russia,USSR,"Tue Sep 12, 1967 17:00 UTC",1967.0,Cosmos-2 (63SM) | Cosmos 176,Success
1448,RVSN USSR,"Site 41/1, Plesetsk Cosmodrome, Russia",Russia,USSR,"Mon Sep 11, 1967 10:30 UTC",1967.0,Voskhod | Cosmos 175,Success
1449,General Dynamics,"SLC-36B, Cape Canaveral SFS, Florida, USA",USA,USA,"Fri Sep 08, 1967 07:57 UTC",1967.0,Atlas-SLV3C Centaur-D | Surveyor 5,Success
1450,US Air Force,"SLC-17B, Cape Canaveral SFS, Florida, USA",USA,USA,"Thu Sep 07, 1967 22:04 UTC",1967.0,Delta G | Biosatellite 2,Success
1451,RVSN USSR,"Site 41/1, Plesetsk Cosmodrome, Russia",Russia,USSR,"Fri Sep 01, 1967 10:30 UTC",1967.0,Voskhod | Zenit-2 n°51,Failure
1452,RVSN USSR,"Site 1/5, Baikonur Cosmodrome, Kazakhstan",Kazakhstan,USSR,"Thu Aug 31, 1967 08:00 UTC",1967.0,Molniya | Cosmos 174,Success
1453,RVSN USSR,"Site 133/3, Plesetsk Cosmodrome, Russia",Russia,USSR,"Thu Aug 24, 1967 04:59 UTC",1967.0,Cosmos-2 (63SM) | Cosmos 173,Success
1454,US Air Force,"SLC-10W (75-2-6), Vandenberg SFB, California, USA",USA,USA,"Wed Aug 23, 1967 04:41 UTC",1967.0,Thor-LV2D Burner-2 | DMSP-4A-F3,Success
1455,US Air Force,"SLC-4W, Vandenberg SFB, California, USA",USA,USA,"Wed Aug 16, 1967 17:07 UTC",1967.0,Titan IIIB | OPS 4866,Success
1456,RVSN USSR,"Site 1/5, Baikonur Cosmodrome, Kazakhstan",Kazakhstan,USSR,"Wed Aug 09, 1967 05:45 UTC",1967.0,Voskhod | Cosmos 172,Success
1457,RVSN USSR,"Site 162/62, Baikonur Cosmodrome, Kazakhstan",Kazakhstan,USSR,"Tue Aug 08, 1967 16:05 UTC",1967.0,R-36 Orb. | Cosmos 171,Success
1458,US Air Force,"SLC-1E (75-3-5), Vandenberg SFB, California, USA",USA,USA,"Mon Aug 07, 1967 21:44 UTC",1967.0,Thorad SLV-2G Agena-D | KH-4A 1043,Success
1459,General Dynamics,"LC-13, Cape Canaveral SFS, Florida, USA",USA,USA,"Tue Aug 01, 1967 22:33 UTC",1967.0,Atlas-SLV3 Agena-D | Lunar Orbiter 5,Success
1460,RVSN USSR,"Site 161/61, Baikonur Cosmodrome, Kazakhstan",Kazakhstan,USSR,"Mon Jul 31, 1967 16:45 UTC",1967.0,R-36 Orb. | Cosmos 170,Success
1461,US Air Force,"SLC-2E (75-1-1), Vandenberg SFB, California, USA",USA,USA,"Fri Jul 28, 1967 14:21 UTC",1967.0,Thor-SLV2A Agena-D | OGO-4,Success
1462,General Dynamics,"LC-576B3, Vandenberg SFB, California, USA",USA,USA,"Thu Jul 27, 1967 19:00 UTC",1967.0,Atlas-D OV1 | OV1-11/OV1-12/OV1-86,Partial Failure
1463,US Air Force,"SLC-2W, Vandenberg SFB, California, USA",USA,USA,"Tue Jul 25, 1967 03:48 UTC",1967.0,Thor-SLV2A Agena-D | OPS 1879,Success
1464,RVSN USSR,"Site 31/6, Baikonur Cosmodrome, Kazakhstan",Kazakhstan,USSR,"Fri Jul 21, 1967 06:00 UTC",1967.0,Voskhod | Zenit-4 n°32,Failure
1465,US Air Force,"SLC-17B, Cape Canaveral SFS, Florida, USA",USA,USA,"Wed Jul 19, 1967 14:19 UTC",1967.0,Delta E1 | Explorer 35 (IMP-E),Success
1466,RVSN USSR,"Site 162/62, Baikonur Cosmodrome, Kazakhstan",Kazakhstan,USSR,"Mon Jul 17, 1967 16:45 UTC",1967.0,R-36 Orb. | Cosmos 169,Success
1467,General Dynamics,"SLC-36A, Cape Canaveral SFS, Florida, USA",USA,USA,"Fri Jul 14, 1967 11:53 UTC",1967.0,Atlas-LV3C Centaur-D | Surveyor 4,Success
1468,RVSN USSR,"Site 31/6, Baikonur Cosmodrome, Kazakhstan",Kazakhstan,USSR,"Tue Jul 04, 1967 05:59 UTC",1967.0,Voskhod | Cosmos 168,Success
1469,Martin Marietta,"SLC-41, Cape Canaveral SFS, Florida, USA",USA,USA,"Sat Jul 01, 1967 13:15 UTC",1967.0,"Titan IIIC | OPS 9331-9334, LES-5 & DODGE",Success
1470,US Air Force,"SLC-10W (75-2-6), Vandenberg SFB, California, USA",USA,USA,"Thu Jun 29, 1967 21:01 UTC",1967.0,Thor-LV2D Burner-2 | Aurora & SECOR-9,Success
1471,RVSN USSR,"Site 132/2, Plesetsk Cosmodrome, Russia",Russia,USSR,"Mon Jun 26, 1967 04:30 UTC",1967.0,Cosmos-3M | Tselina-O n°01,Success
1472,US Air Force,"SLC-4W, Vandenberg SFB, California, USA",USA,USA,"Tue Jun 20, 1967 16:15 UTC",1967.0,Titan IIIB | OPS 4282,Partial Failure
1473,RVSN USSR,"Site 41/1, Plesetsk Cosmodrome, Russia",Russia,USSR,"Tue Jun 20, 1967 11:00 UTC",1967.0,Voskhod | Zenit-4 n°31,Failure
1474,RVSN USSR,"Site 1/5, Baikonur Cosmodrome, Kazakhstan",Kazakhstan,USSR,"Sat Jun 17, 1967 02:36 UTC",1967.0,Molniya-M /Block VL | Cosmos 167,Failure
1475,US Air Force,"SLC-1W (75-3-4), Vandenberg SFB, California, USA",USA,USA,"Fri Jun 16, 1967 21:35 UTC",1967.0,Thorad SLV-2G Agena-D | KH-4A 1042,Success
1476,RVSN USSR,"Site 86/1, Kapustin Yar, Russia",Russia,USSR,"Fri Jun 16, 1967 04:43 UTC",1967.0,Cosmos-2 (63SM) | Cosmos 166,Success
1477,General Dynamics,"LC-12, Cape Canaveral SFS, Florida, USA",USA,USA,"Wed Jun 14, 1967 06:01 UTC",1967.0,Atlas-SLV3 Agena-D | Mariner 5,Success
1478,RVSN USSR,"Site 133/3, Plesetsk Cosmodrome, Russia",Russia,USSR,"Mon Jun 12, 1967 18:06 UTC",1967.0,Cosmos-2 (63SM) | Cosmos 165,Success
1479,RVSN USSR,"Site 1/5, Baikonur Cosmodrome, Kazakhstan",Kazakhstan,USSR,"Mon Jun 12, 1967 02:39 UTC",1967.0,Molniya-M /Block VL | Venera 4,Success
1480,RVSN USSR,"Site 41/1, Plesetsk Cosmodrome, Russia",Russia,USSR,"Thu Jun 08, 1967 13:00 UTC",1967.0,Voskhod | Cosmos 164,Success
1481,RVSN USSR,"Site 86/1, Kapustin Yar, Russia",Russia,USSR,"Mon Jun 05, 1967 05:03 UTC",1967.0,Cosmos-2 (63SM) | Cosmos 163,Success
1482,General Dynamics,"SLC-4E, Vandenberg SFB, California, USA",USA,USA,"Sun Jun 04, 1967 18:07 UTC",1967.0,Atlas-SLV3 Agena-D | KH-7 Gambit 4038,Success
1483,RVSN USSR,"Site 1/5, Baikonur Cosmodrome, Kazakhstan",Kazakhstan,USSR,"Thu Jun 01, 1967 10:40 UTC",1967.0,Voskhod | Cosmos 162,Success
1484,US Air Force,"SLC-2W, Vandenberg SFB, California, USA",USA,USA,"Wed May 31, 1967 09:30 UTC",1967.0,Thor DM-21 Agena-D | Timation 1 & Others,Success
1485,US Air Force,"SLC-5, Vandenberg SFB, California, USA",USA,USA,"Tue May 30, 1967 02:06 UTC",1967.0,Scout B | ESRO 2A,Failure
1486,RVSN USSR,"Site 1/5, Baikonur Cosmodrome, Kazakhstan",Kazakhstan,USSR,"Wed May 24, 1967 22:50 UTC",1967.0,Molniya | Molniya-1 n°8,Success
1487,US Air Force,"SLC-2E (75-1-1), Vandenberg SFB, California, USA",USA,USA,"Wed May 24, 1967 14:05 UTC",1967.0,Delta E1 | Explorer 34 (IMP-F),Success
1488,General Dynamics,"SLC-4E, Vandenberg SFB, California, USA",USA,USA,"Mon May 22, 1967 18:30 UTC",1967.0,Atlas-SLV3 Agena-D | KH-7 Gambit 4037,Success
1489,RVSN USSR,"Site 41/1, Plesetsk Cosmodrome, Russia",Russia,USSR,"Mon May 22, 1967 14:00 UTC",1967.0,Voskhod | Cosmos 161,Success
1490,US Air Force,"SLC-5, Vandenberg SFB, California, USA",USA,USA,"Thu May 18, 1967 09:05 UTC",1967.0,Scout A | Transit-O 13,Success
1491,RVSN USSR,"Site 161/35, Baikonur Cosmodrome, Kazakhstan",Kazakhstan,USSR,"Wed May 17, 1967 16:05 UTC",1967.0,R-36 Orb. | Cosmos 160,Success
1492,RVSN USSR,"Site 1/5, Baikonur Cosmodrome, Kazakhstan",Kazakhstan,USSR,"Tue May 16, 1967 21:44 UTC",1967.0,Molniya-M /Block L | Cosmos 159,Partial Failure
1493,RVSN USSR,"Site 132/2, Plesetsk Cosmodrome, Russia",Russia,USSR,"Mon May 15, 1967 11:00 UTC",1967.0,Cosmos-3M | Cosmos 158,Success
1494,RVSN USSR,"Site 1/5, Baikonur Cosmodrome, Kazakhstan",Kazakhstan,USSR,"Fri May 12, 1967 10:30 UTC",1967.0,Vostok-2 | Cosmos 157,Success
1495,US Air Force,"SLC-1E (75-3-5), Vandenberg SFB, California, USA",USA,USA,"Tue May 09, 1967 21:50 UTC",1967.0,Thorad SLV-2G Agena-D | KH-4A 1041,Success
1496,US Air Force,"SLC-5, Vandenberg SFB, California, USA",USA,USA,"Fri May 05, 1967 16:00 UTC",1967.0,Scout A | Ariel 3,Success
1497,General Dynamics,"LC-13, Cape Canaveral SFS, Florida, USA",USA,USA,"Thu May 04, 1967 22:25 UTC",1967.0,Atlas-SLV3 Agena-D | Lunar Orbiter 4,Success
1498,Martin Marietta,"SLC-41, Cape Canaveral SFS, Florida, USA",USA,USA,"Fri Apr 28, 1967 10:01 UTC",1967.0,"Titan IIIC | Vela 4A/4B, ERS-18, OV5-1, OV5-3",Success
1499,RVSN USSR,"Site 41/1, Plesetsk Cosmodrome, Russia",Russia,USSR,"Thu Apr 27, 1967 12:50 UTC",1967.0,Vostok-2M | Cosmos 156,Success
1,ASI,"SM Launch Tab, San Marco Launch Platform, Kenya",Kenya,Other,"Wed Apr 26, 1967 10:06 UTC",1967.0,Scout B | San Marco 2,Success
2,RVSN USSR,"Site 1/5, Baikonur Cosmodrome, Kazakhstan",Kazakhstan,USSR,"Sun Apr 23, 1967 00:35 UTC",1967.0,Soyuz | Soyuz 1,Success
3,US Air Force,"SLC-2E (75-1-1), Vandenberg SFB, California, USA",USA,USA,"Thu Apr 20, 1967 11:21 UTC",1967.0,Delta E | ESSA-5,Success
4,General Dynamics,"SLC-36B, Cape Canaveral SFS, Florida, USA",USA,USA,"Mon Apr 17, 1967 07:05 UTC",1967.0,Atlas-LV3C Centaur-D | Surveyor 3,Success
5,US Air Force,"SLC-5, Vandenberg SFB, California, USA",USA,USA,"Fri Apr 14, 1967 03:25 UTC",1967.0,Scout A | Transit-O 12,Success
6,UT,"Lambda Pad, Uchinoura Space Center, Japan",Japan,Other,"Thu Apr 13, 1967 02:40 UTC",1967.0,Lambda-IV S | Ōsumi,Failure
7,RVSN USSR,"Site 1/5, Baikonur Cosmodrome, Kazakhstan",Kazakhstan,USSR,"Wed Apr 12, 1967 10:51 UTC",1967.0,Voskhod | Cosmos 155,Success
8,RVSN USSR,"Site 81/23, Baikonur Cosmodrome, Kazakhstan",Kazakhstan,USSR,"Sat Apr 08, 1967 09:00 UTC",1967.0,Proton-K/Block D | Cosmos 154,Failure
9,General Dynamics,"LC-12, Cape Canaveral SFS, Florida, USA",USA,USA,"Thu Apr 06, 1967 03:23 UTC",1967.0,Atlas-SLV3 Agena-D | ATS-2,Partial Failure
10,RVSN USSR,"Site 41/1, Plesetsk Cosmodrome, Russia",Russia,USSR,"Tue Apr 04, 1967 14:00 UTC",1967.0,Vostok-2 | Cosmos 153,Success
11,US Air Force,"SLC-2W, Vandenberg SFB, California, USA",USA,USA,"Thu Mar 30, 1967 18:54 UTC",1967.0,Thor-SLV2A Agena-D | OPS 4779,Success
12,RVSN USSR,"Site 133/3, Plesetsk Cosmodrome, Russia",Russia,USSR,"Sat Mar 25, 1967 06:59 UTC",1967.0,Cosmos-2 (63SM) | Cosmos 152,Success
13,RVSN USSR,"Site 41/15, Baikonur Cosmodrome, Kazakhstan",Kazakhstan,USSR,"Fri Mar 24, 1967 11:50 UTC",1967.0,Cosmos-3 | Cosmos 151,Success
14,US Air Force,"SLC-17B, Cape Canaveral SFS, Florida, USA",USA,USA,"Thu Mar 23, 1967 01:30 UTC",1967.0,Delta E1 | Intelsat 2-3,Success
15,RVSN USSR,"Site 161/61, Baikonur Cosmodrome, Kazakhstan",Kazakhstan,USSR,"Wed Mar 22, 1967 14:05 UTC",1967.0,R-36 Orb. | OGTch n°08,Failure
16,RVSN USSR,"Site 41/1, Plesetsk Cosmodrome, Russia",Russia,USSR,"Wed Mar 22, 1967 12:44 UTC",1967.0,Voskhod | Cosmos 150,Success
17,RVSN USSR,"Site 86/1, Kapustin Yar, Russia",Russia,USSR,"Tue Mar 21, 1967 10:07 UTC",1967.0,Cosmos-2 (63SM) | Cosmos 149,Success
18,RVSN USSR,"Site 133/3, Plesetsk Cosmodrome, Russia",Russia,USSR,"Thu Mar 16, 1967 17:30 UTC",1967.0,Cosmos-2 (63SM) | Cosmos 148,Success
19,RVSN USSR,"Site 41/1, Plesetsk Cosmodrome, Russia",Russia,USSR,"Mon Mar 13, 1967 12:10 UTC",1967.0,Vostok-2 | Cosmos 147,Success
20,RVSN USSR,"Site 81/23, Baikonur Cosmodrome, Kazakhstan",Kazakhstan,USSR,"Fri Mar 10, 1967 11:30 UTC",1967.0,Proton-K/Block D | Cosmos 146,Success
21,US Air Force,"SLC-17A, Cape Canaveral SFS, Florida, USA",USA,USA,"Wed Mar 08, 1967 16:12 UTC",1967.0,Delta C | OSO-3,Success
22,RVSN USSR,"Site 86/1, Kapustin Yar, Russia",Russia,USSR,"Fri Mar 03, 1967 06:44 UTC",1967.0,Cosmos-2 (63SM) | Cosmos 145,Success
23,RVSN USSR,"Site 41/1, Plesetsk Cosmodrome, Russia",Russia,USSR,"Tue Feb 28, 1967 14:34 UTC",1967.0,Vostok-2M | Cosmos 144,Success
24,RVSN USSR,"Site 1/5, Baikonur Cosmodrome, Kazakhstan",Kazakhstan,USSR,"Mon Feb 27, 1967 08:45 UTC",1967.0,Vostok-2 | Cosmos 143,Partial Failure
25,US Air Force,"SLC-4W, Vandenberg SFB, California, USA",USA,USA,"Fri Feb 24, 1967 19:59 UTC",1967.0,Titan IIIB | OPS 4204,Success
26,US Air Force,"SLC-2W, Vandenberg SFB, California, USA",USA,USA,"Wed Feb 22, 1967 22:02 UTC",1967.0,Thor-SLV2A Agena-D | OPS 4750,Success
27,Armée de l'Air,"Brigitte, Hammaguir, Algeria, France",France,Other,"Wed Feb 15, 1967 10:06 UTC",1967.0,Diamant A | Diadème 2,Success
28,RVSN USSR,"Site 86/1, Kapustin Yar, Russia",Russia,USSR,"Tue Feb 14, 1967 10:04 UTC",1967.0,Cosmos-2 (63SM) | Cosmos 142,Success
29,RVSN USSR,"Site 41/1, Plesetsk Cosmodrome, Russia",Russia,USSR,"Wed Feb 08, 1967 10:19 UTC",1967.0,Voskhod | Cosmos 141,Success
30,Armée de l'Air,"Brigitte, Hammaguir, Algeria, France",France,Other,"Wed Feb 08, 1967 09:39 UTC",1967.0,Diamant A | Diadème 1,Partial Failure
31,US Air Force,"SLC-10W (75-2-6), Vandenberg SFB, California, USA",USA,USA,"Wed Feb 08, 1967 08:00 UTC",1967.0,Thor-LV2D Burner-2 | DMSP-4A-F2,Success
32,RVSN USSR,"Site 1/5, Baikonur Cosmodrome, Kazakhstan",Kazakhstan,USSR,"Tue Feb 07, 1967 03:20 UTC",1967.0,Soyuz | Cosmos 140,Success
33,General Dynamics,"LC-13, Cape Canaveral SFS, Florida, USA",USA,USA,"Sun Feb 05, 1967 01:17 UTC",1967.0,Atlas-SLV3 Agena-D | Lunar Orbiter 3,Success
34,General Dynamics,"SLC-4E, Vandenberg SFB, California, USA",USA,USA,"Thu Feb 02, 1967 20:00 UTC",1967.0,Atlas-SLV3 Agena-D | KH-7 Gambit 4036,Success
35,US Air Force,"SLC-5, Vandenberg SFB, California, USA",USA,USA,"Tue Jan 31, 1967 12:45 UTC",1967.0,Scout B | OV3 5,Failure
36,US Air Force,"SLC-2E (75-1-1), Vandenberg SFB, California, USA",USA,USA,"Thu Jan 26, 1967 17:31 UTC",1967.0,Delta E | ESSA-4,Success
37,RVSN USSR,"Site 162/62, Baikonur Cosmodrome, Kazakhstan",Kazakhstan,USSR,"Wed Jan 25, 1967 13:55 UTC",1967.0,R-36 Orb. | Cosmos 139,Success
38,RVSN USSR,"Site 41/1, Plesetsk Cosmodrome, Russia",Russia,USSR,"Thu Jan 19, 1967 12:39 UTC",1967.0,Vostok-2 | Cosmos 138,Success
39,Martin Marietta,"SLC-41, Cape Canaveral SFS, Florida, USA",USA,USA,"Wed Jan 18, 1967 14:19 UTC",1967.0,Titan IIIC | OPS 9321-9328,Success
40,US Air Force,"SLC-2W, Vandenberg SFB, California, USA",USA,USA,"Sat Jan 14, 1967 21:28 UTC",1967.0,Thor-SLV2A Agena-D | OPS 1664,Success
41,US Air Force,"SLC-17B, Cape Canaveral SFS, Florida, USA",USA,USA,"Wed Jan 11, 1967 10:55 UTC",1967.0,Delta E1 | Intelsat-2 2,Success
42,US Air Force,"SLC-2W, Vandenberg SFB, California, USA",USA,USA,"Thu Dec 29, 1966 12:00 UTC",1966.0,Thor-SLV2A Agena-D | OPS 1584,Success
43,RVSN USSR,"Site 86/1, Kapustin Yar, Russia",Russia,USSR,"Wed Dec 21, 1966 13:11 UTC",1966.0,Cosmos-1 (65S3) | Cosmos 137,Success
44,RVSN USSR,"Site 1/5, Baikonur Cosmodrome, Kazakhstan",Kazakhstan,USSR,"Wed Dec 21, 1966 10:17 UTC",1966.0,Molniya-M /Block L | Luna 13,Success
45,UT,"Lambda Pad, Uchinoura Space Center, Japan",Japan,Other,"Tue Dec 20, 1966 02:20 UTC",1966.0,Lambda-IV S | Ōsumi,Failure
46,RVSN USSR,"Site 41/1, Plesetsk Cosmodrome, Russia",Russia,USSR,"Mon Dec 19, 1966 12:00 UTC",1966.0,Vostok-2 | Cosmos 136,Success
47,US Air Force,"SLC-17A, Cape Canaveral SFS, Florida, USA",USA,USA,"Wed Dec 14, 1966 19:20 UTC",1966.0,Delta G | Biosatellite 1,Success
48,US Air Force,"SLC-4W, Vandenberg SFB, California, USA",USA,USA,"Wed Dec 14, 1966 18:14 UTC",1966.0,Titan IIIB | OPS 8968,Success
49,RVSN USSR,"Site 31/6, Baikonur Cosmodrome, Kazakhstan",Kazakhstan,USSR,"Wed Dec 14, 1966 11:27 UTC",1966.0,Soyuz | Soyuz 7K-OK n°1,Prelaunch Failure
50,RVSN USSR,"Site 86/1, Kapustin Yar, Russia",Russia,USSR,"Mon Dec 12, 1966 20:37 UTC",1966.0,Cosmos-2 (63SM) | Cosmos 135,Success
51,General Dynamics,"LC-576B3, Vandenberg SFB, California, USA",USA,USA,"Sun Dec 11, 1966 21:09 UTC",1966.0,Atlas-D OV1 | OV1-9/OV1-10,Success
52,General Dynamics,"LC-12, Cape Canaveral SFS, Florida, USA",USA,USA,"Wed Dec 07, 1966 02:12 UTC",1966.0,Atlas-SLV3 Agena-D | ATS-1,Success
53,General Dynamics,"SLC-4E, Vandenberg SFB, California, USA",USA,USA,"Mon Dec 05, 1966 21:09 UTC",1966.0,Atlas-SLV3 Agena-D | KH-7 Gambit 4035,Success
54,RVSN USSR,"Site 31/6, Baikonur Cosmodrome, Kazakhstan",Kazakhstan,USSR,"Sat Dec 03, 1966 08:15 UTC",1966.0,Voskhod | Cosmos 134,Success
55,RVSN USSR,"Site 31/6, Baikonur Cosmodrome, Kazakhstan",Kazakhstan,USSR,"Mon Nov 28, 1966 11:00 UTC",1966.0,Soyuz | Cosmos 133,Success
56,RVSN USSR,"Site 31/6, Baikonur Cosmodrome, Kazakhstan",Kazakhstan,USSR,"Sat Nov 19, 1966 08:00 UTC",1966.0,Vostok-2 | Cosmos 132,Success
57,RVSN USSR,"Site 41/15, Baikonur Cosmodrome, Kazakhstan",Kazakhstan,USSR,"Wed Nov 16, 1966 13:00 UTC",1966.0,Cosmos-3 | Strela-2 n°2,Failure
58,RVSN USSR,"Site 41/1, Plesetsk Cosmodrome, Russia",Russia,USSR,"Sat Nov 12, 1966 09:50 UTC",1966.0,Voskhod | Cosmos 131,Success
59,NASA,"LC-19, Cape Canaveral SFS, Florida, USA",USA,USA,"Fri Nov 11, 1966 20:46 UTC",1966.0,Titan II GLV | Gemini XII,Success
60,General Dynamics,"LC-14, Cape Canaveral SFS, Florida, USA",USA,USA,"Fri Nov 11, 1966 19:07 UTC",1966.0,Atlas-SLV3 Agena-D | GATV 5001,Success
61,US Air Force,"SLC-1W (75-3-4), Vandenberg SFB, California, USA",USA,USA,"Tue Nov 08, 1966 19:53 UTC",1966.0,Thorad SLV-2G Agena-D | KH-4A 1037,Success
62,General Dynamics,"LC-13, Cape Canaveral SFS, Florida, USA",USA,USA,"Sun Nov 06, 1966 23:21 UTC",1966.0,Atlas-SLV3 Agena-D | Lunar Orbiter 2,Success
63,Martin Marietta,"SLC-40, Cape Canaveral SFS, Florida, USA",USA,USA,"Thu Nov 03, 1966 13:50 UTC",1966.0,"Titan IIIC | Gemini B, OV4-3, &  OV4-1R/T",Success
64,General Dynamics,"SLC-4E, Vandenberg SFB, California, USA",USA,USA,"Wed Nov 02, 1966 20:24 UTC",1966.0,Atlas-SLV3 Agena-D | KH-7 Gambit 4034,Success
65,RVSN USSR,"Site 162/62, Baikonur Cosmodrome, Kazakhstan",Kazakhstan,USSR,"Wed Nov 02, 1966 00:45 UTC",1966.0,R-36 Orb. | OGTch n°06,Failure
66,US Air Force,"SLC-5, Vandenberg SFB, California, USA",USA,USA,"Fri Oct 28, 1966 11:56 UTC",1966.0,Scout B | OV3 2,Success
67,US Air Force,"SLC-17B, Cape Canaveral SFS, Florida, USA",USA,USA,"Wed Oct 26, 1966 23:05 UTC",1966.0,Delta E1 | Intelsat-2 1,Success
68,General Dynamics,"SLC-36B, Cape Canaveral SFS, Florida, USA",USA,USA,"Wed Oct 26, 1966 11:12 UTC",1966.0,Atlas-LV3C Centaur-D | Surveyor SD-4,Success
69,RVSN USSR,"Site 31/6, Baikonur Cosmodrome, Kazakhstan",Kazakhstan,USSR,"Sat Oct 22, 1966 08:42 UTC",1966.0,Molniya-M /Block L | Luna 12,Success
70,RVSN USSR,"Site 31/6, Baikonur Cosmodrome, Kazakhstan",Kazakhstan,USSR,"Thu Oct 20, 1966 08:46 UTC",1966.0,Voskhod | Cosmos 130,Success
71,RVSN USSR,"Site 1/5, Baikonur Cosmodrome, Kazakhstan",Kazakhstan,USSR,"Thu Oct 20, 1966 07:50 UTC",1966.0,Molniya | Molniya-1 n°7,Success
72,RVSN USSR,"Site 41/1, Plesetsk Cosmodrome, Russia",Russia,USSR,"Fri Oct 14, 1966 12:13 UTC",1966.0,Vostok-2 | Cosmos 129,Success
73,General Dynamics,"SLC-4E, Vandenberg SFB, California, USA",USA,USA,"Wed Oct 12, 1966 19:15 UTC",1966.0,Atlas-SLV3 Agena-D | KH-7 Gambit 4033,Success
74,General Dynamics,"SLC-3E, Vandenberg SFB, California, USA",USA,USA,"Wed Oct 05, 1966 22:00 UTC",1966.0,Atlas-SLV3 Agena-D | Midas 12,Success
75,US Air Force,"SLC-2E (75-1-1), Vandenberg SFB, California, USA",USA,USA,"Sun Oct 02, 1966 10:39 UTC",1966.0,Delta E | ESSA-3,Success
76,US Air Force,"SLC-4W, Vandenberg SFB, California, USA",USA,USA,"Wed Sep 28, 1966 19:07 UTC",1966.0,Titan IIIB | OPS 4096,Success
77,UT,"Lambda Pad, Uchinoura Space Center, Japan",Japan,Other,"Mon Sep 26, 1966 02:58 UTC",1966.0,Lambda-IV S | Ōsumi,Failure
78,US Air Force,"SLC-3W, Vandenberg SFB, California, USA",USA,USA,"Tue Sep 20, 1966 21:14 UTC",1966.0,Thor-SLV2A Agena-D | OPS 1703,Success
79,General Dynamics,"SLC-36A, Cape Canaveral SFS, Florida, USA",USA,USA,"Tue Sep 20, 1966 12:32 UTC",1966.0,Atlas-LV3C Centaur-D | Surveyor 2,Success
80,RVSN USSR,"Site 162/62, Baikonur Cosmodrome, Kazakhstan",Kazakhstan,USSR,"Sat Sep 17, 1966 22:35 UTC",1966.0,R-36 Orb. | OGTch n°05,Failure
81,General Dynamics,"SLC-4E, Vandenberg SFB, California, USA",USA,USA,"Fri Sep 16, 1966 17:59 UTC",1966.0,Atlas-SLV3 Agena-D | KH-7 Gambit 4032,Success
82,RVSN USSR,"Site 31/6, Baikonur Cosmodrome, Kazakhstan",Kazakhstan,USSR,"Fri Sep 16, 1966 09:30 UTC",1966.0,Vostok-2 | Zenit-2 n°40,Failure
83,US Air Force,"SLC-10W (75-2-6), Vandenberg SFB, California, USA",USA,USA,"Fri Sep 16, 1966 04:36 UTC",1966.0,Thor-LV2D Burner-2 | DMSP-4A-F1,Success
84,NASA,"LC-19, Cape Canaveral SFS, Florida, USA",USA,USA,"Mon Sep 12, 1966 14:42 UTC",1966.0,Titan II GLV | Gemini XI,Success
85,General Dynamics,"LC-14, Cape Canaveral SFS, Florida, USA",USA,USA,"Mon Sep 12, 1966 13:05 UTC",1966.0,Atlas-SLV3 Agena-D | GATV 5006,Success
86,RVSN USSR,"Site 31/6, Baikonur Cosmodrome, Kazakhstan",Kazakhstan,USSR,"Sat Aug 27, 1966 09:50 UTC",1966.0,Voskhod | Cosmos 128,Success
87,Martin Marietta,"SLC-41, Cape Canaveral SFS, Florida, USA",USA,USA,"Fri Aug 26, 1966 13:59 UTC",1966.0,"Titan IIIC | IDCSP-1 8-14, GGTS-2",Failure
88,NASA,"LC-34, Cape Canaveral SFS, Florida, USA",USA,USA,"Thu Aug 25, 1966 17:15 UTC",1966.0,Saturn IB | AS-202,Success
89,RVSN USSR,"Site 31/6, Baikonur Cosmodrome, Kazakhstan",Kazakhstan,USSR,"Wed Aug 24, 1966 08:03 UTC",1966.0,Molniya-M /Block L | Luna 11,Success
90,General Dynamics,"SLC-3E, Vandenberg SFB, California, USA",USA,USA,"Fri Aug 19, 1966 19:25 UTC",1966.0,Atlas-SLV3 Agena-D | Midas 11,Success
91,US Air Force,"SLC-5, Vandenberg SFB, California, USA",USA,USA,"Thu Aug 18, 1966 02:25 UTC",1966.0,Scout A | Transit-O 10,Success
92,US Air Force,"SLC-17A, Cape Canaveral SFS, Florida, USA",USA,USA,"Wed Aug 17, 1966 15:20 UTC",1966.0,Delta E1 | Pioneer 7,Success
93,General Dynamics,"SLC-4E, Vandenberg SFB, California, USA",USA,USA,"Tue Aug 16, 1966 18:30 UTC",1966.0,Atlas-SLV3 Agena-D | KH-7 Gambit 4031,Success
94,General Dynamics,"LC-13, Cape Canaveral SFS, Florida, USA",USA,USA,"Wed Aug 10, 1966 19:26 UTC",1966.0,Atlas-SLV3 Agena-D | Lunar Orbiter 1,Success
95,US Air Force,"SLC-1W (75-3-4), Vandenberg SFB, California, USA",USA,USA,"Tue Aug 09, 1966 20:46 UTC",1966.0,Thorad SLV-2G Agena-D | KH-4A 1036,Success
96,RVSN USSR,"Site 31/6, Baikonur Cosmodrome, Kazakhstan",Kazakhstan,USSR,"Mon Aug 08, 1966 11:29 UTC",1966.0,Voskhod | Cosmos 127,Success
97,US Air Force,"SLC-5, Vandenberg SFB, California, USA",USA,USA,"Thu Aug 04, 1966 10:45 UTC",1966.0,Scout B | OV3 3,Success
98,US Air Force,"SLC-4W, Vandenberg SFB, California, USA",USA,USA,"Fri Jul 29, 1966 18:30 UTC",1966.0,Titan IIIB | KH-8,Success
99,RVSN USSR,"Site 31/6, Baikonur Cosmodrome, Kazakhstan",Kazakhstan,USSR,"Thu Jul 28, 1966 10:50 UTC",1966.0,Voskhod | Cosmos 126,Success
100,RVSN USSR,"Site 31/6, Baikonur Cosmodrome, Kazakhstan",Kazakhstan,USSR,"Wed Jul 20, 1966 08:58 UTC",1966.0,Vostok-2A | Cosmos 125,Success
101,NASA,"LC-19, Cape Canaveral SFS, Florida, USA",USA,USA,"Mon Jul 18, 1966 22:20 UTC",1966.0,Titan II GLV | Gemini X,Success
102,General Dynamics,"LC-14, Cape Canaveral SFS, Florida, USA",USA,USA,"Mon Jul 18, 1966 20:39 UTC",1966.0,Atlas-SLV3 Agena-D | GATV 5005,Success
103,RVSN USSR,"Site 31/6, Baikonur Cosmodrome, Kazakhstan",Kazakhstan,USSR,"Thu Jul 14, 1966 10:25 UTC",1966.0,Voskhod | Cosmos 124,Success
104,General Dynamics,"LC-576B3, Vandenberg SFB, California, USA",USA,USA,"Thu Jul 14, 1966 02:10 UTC",1966.0,Atlas-D OV1 | OV1-7/OV1-8,Partial Failure
105,General Dynamics,"SLC-4E, Vandenberg SFB, California, USA",USA,USA,"Tue Jul 12, 1966 17:55 UTC",1966.0,Atlas-SLV3 Agena-D | KH-7 Gambit 4030,Success
106,RVSN USSR,"Site 86/1, Kapustin Yar, Russia",Russia,USSR,"Fri Jul 08, 1966 05:31 UTC",1966.0,Cosmos-1 (65S3) | Cosmos 123,Success
107,RVSN USSR,"Site 81/24, Baikonur Cosmodrome, Kazakhstan",Kazakhstan,USSR,"Wed Jul 06, 1966 12:57 UTC",1966.0,Proton | Proton 3,Success
108,NASA,"SLC-37B, Cape Canaveral SFS, Florida, USA",USA,USA,"Tue Jul 05, 1966 14:53 UTC",1966.0,Saturn IB | AS-203,Success
109,US Air Force,"SLC-17A, Cape Canaveral SFS, Florida, USA",USA,USA,"Fri Jul 01, 1966 16:02 UTC",1966.0,Delta E1 | Explorer 33 (IMP-D),Success
110,RVSN USSR,"Site 31/6, Baikonur Cosmodrome, Kazakhstan",Kazakhstan,USSR,"Sat Jun 25, 1966 10:30 UTC",1966.0,Vostok-2M | Cosmos 122,Success
111,US Air Force,"SLC-2E (75-1-1), Vandenberg SFB, California, USA",USA,USA,"Fri Jun 24, 1966 00:12 UTC",1966.0,Thor-SLV2A Agena-D | PAGEOS-1,Success
112,US Air Force,"SLC-1E (75-3-5), Vandenberg SFB, California, USA",USA,USA,"Tue Jun 21, 1966 21:31 UTC",1966.0,Thor-SLV2A Agena-D | OPS 1599,Success
113,RVSN USSR,"Site 41/1, Plesetsk Cosmodrome, Russia",Russia,USSR,"Fri Jun 17, 1966 11:00 UTC",1966.0,Voskhod | Cosmos 121,Success
114,Martin Marietta,"SLC-41, Cape Canaveral SFS, Florida, USA",USA,USA,"Thu Jun 16, 1966 14:00 UTC",1966.0,Titan IIIC | OPS 9311-9317 & GGTS-1,Success
115,NASA,"LA-3, Wallops Flight Facility, Virginia, USA",USA,USA,"Fri Jun 10, 1966 04:15 UTC",1966.0,Scout B | OV3 4,Success
116,General Dynamics,"SLC-3E, Vandenberg SFB, California, USA",USA,USA,"Thu Jun 09, 1966 20:15 UTC",1966.0,Atlas-SLV3 Agena-D | Midas 10,Partial Failure
117,RVSN USSR,"Site 31/6, Baikonur Cosmodrome, Kazakhstan",Kazakhstan,USSR,"Wed Jun 08, 1966 11:00 UTC",1966.0,Voskhod | Cosmos 120,Success
118,General Dynamics,"LC-12, Cape Canaveral SFS, Florida, USA",USA,USA,"Tue Jun 07, 1966 02:48 UTC",1966.0,Atlas-SLV3 Agena-B | OGO-3,Success
119,General Dynamics,"SLC-4E, Vandenberg SFB, California, USA",USA,USA,"Fri Jun 03, 1966 19:25 UTC",1966.0,Atlas-SLV3 Agena-D | KH-7 Gambit 4029,Success
120,NASA,"LC-19, Cape Canaveral SFS, Florida, USA",USA,USA,"Fri Jun 03, 1966 13:39 UTC",1966.0,Titan II GLV | Gemini IX-A,Success
121,General Dynamics,"LC-14, Cape Canaveral SFS, Florida, USA",USA,USA,"Wed Jun 01, 1966 15:00 UTC",1966.0,Atlas SLV-3 | ATDA,Success
122,General Dynamics,"SLC-36A, Cape Canaveral SFS, Florida, USA",USA,USA,"Mon May 30, 1966 14:41 UTC",1966.0,Atlas-LV3C Centaur-D | Surveyor 1,Success
123,US Air Force,"SLC-17B, Cape Canaveral SFS, Florida, USA",USA,USA,"Wed May 25, 1966 14:00 UTC",1966.0,Delta C1 | Explorer 32 (AE-B),Success
124,RVSN USSR,"Site 86/1, Kapustin Yar, Russia",Russia,USSR,"Tue May 24, 1966 05:30 UTC",1966.0,Cosmos-2 (63SM) | Cosmos 119,Success
125,US Air Force,"SLC-2E (75-1-1), Vandenberg SFB, California, USA",USA,USA,"Tue May 24, 1966 02:00 UTC",1966.0,Thor-SLV2A Agena-D | OPS 1778,Success
126,RVSN USSR,"Site 67/22, Baikonur Cosmodrome, Kazakhstan",Kazakhstan,USSR,"Thu May 19, 1966 19:30 UTC",1966.0,R-36 Orb. | OGTch n°04,Success
127,US Air Force,"SLC-5, Vandenberg SFB, California, USA",USA,USA,"Thu May 19, 1966 02:27 UTC",1966.0,Scout A | Transit-O 9,Success
128,General Dynamics,"LC-14, Cape Canaveral SFS, Florida, USA",USA,USA,"Tue May 17, 1966 15:15 UTC",1966.0,Atlas-SLV3 Agena-D | GATV 5004,Failure
129,RVSN USSR,"Site 41/1, Plesetsk Cosmodrome, Russia",Russia,USSR,"Tue May 17, 1966 11:00 UTC",1966.0,Voskhod | Zenit-4 n°18,Failure
130,US Air Force,"SLC-2E (75-1-1), Vandenberg SFB, California, USA",USA,USA,"Sun May 15, 1966 07:55 UTC",1966.0,Thor-SLV2A Agena-D | Nimbus-2,Success
131,General Dynamics,"SLC-4E, Vandenberg SFB, California, USA",USA,USA,"Sat May 14, 1966 19:02 UTC",1966.0,Atlas-SLV3 Agena-D | KH-7 Gambit 4028,Success
132,RVSN USSR,"Site 31/6, Baikonur Cosmodrome, Kazakhstan",Kazakhstan,USSR,"Wed May 11, 1966 14:10 UTC",1966.0,Vostok-2M | Cosmos 118,Success
133,RVSN USSR,"Site 31/6, Baikonur Cosmodrome, Kazakhstan",Kazakhstan,USSR,"Fri May 06, 1966 10:58 UTC",1966.0,Vostok-2 | Cosmos 117,Success
134,US Air Force,"SLC-1E (75-3-5), Vandenberg SFB, California, USA",USA,USA,"Tue May 03, 1966 19:25 UTC",1966.0,Thor-SLV2A Agena-D | OPS 1508,Failure
135,RVSN USSR,"Site 86/1, Kapustin Yar, Russia",Russia,USSR,"Tue Apr 26, 1966 10:04 UTC",1966.0,Cosmos-2 (63SM) | Cosmos 116,Success
136,RVSN USSR,"Site 31/6, Baikonur Cosmodrome, Kazakhstan",Kazakhstan,USSR,"Mon Apr 25, 1966 07:10 UTC",1966.0,Molniya | Molniya-1 n°6,Success
137,US Air Force,"SLC-5, Vandenberg SFB, California, USA",USA,USA,"Fri Apr 22, 1966 09:45 UTC",1966.0,Scout B | OV3 1,Success
138,RVSN USSR,"Site 31/6, Baikonur Cosmodrome, Kazakhstan",Kazakhstan,USSR,"Wed Apr 20, 1966 10:40 UTC",1966.0,Vostok-2 | Cosmos 115,Success
139,General Dynamics,"SLC-4E, Vandenberg SFB, California, USA",USA,USA,"Tue Apr 19, 1966 19:15 UTC",1966.0,Atlas-SLV3 Agena-D | KH-7 Gambit 4027,Success
140,General Dynamics,"LC-12, Cape Canaveral SFS, Florida, USA",USA,USA,"Fri Apr 08, 1966 19:35 UTC",1966.0,Atlas-SLV3B Agena-D | OAO-1,Success
141,General Dynamics,"SLC-36B, Cape Canaveral SFS, Florida, USA",USA,USA,"Fri Apr 08, 1966 01:00 UTC",1966.0,Atlas-LV3C Centaur-D | Surveyor Model-3,Partial Failure
142,US Air Force,"SLC-2E (75-1-1), Vandenberg SFB, California, USA",USA,USA,"Thu Apr 07, 1966 22:02 UTC",1966.0,Thor-SLV2A Agena-D | OPS 1612,Success
143,RVSN USSR,"Site 41/1, Plesetsk Cosmodrome, Russia",Russia,USSR,"Wed Apr 06, 1966 11:40 UTC",1966.0,Voskhod | Cosmos 114,Success
144,RVSN USSR,"Site 31/6, Baikonur Cosmodrome, Kazakhstan",Kazakhstan,USSR,"Thu Mar 31, 1966 10:46 UTC",1966.0,Molniya-M /Block L | Luna 10,Success
145,US Air Force,"SLC-10W (75-2-6), Vandenberg SFB, California, USA",USA,USA,"Thu Mar 31, 1966 05:41 UTC",1966.0,Thor-LV2D Burner-1I | DMSP-3B-F6,Success
146,General Dynamics,"LC-576B3, Vandenberg SFB, California, USA",USA,USA,"Wed Mar 30, 1966 09:20 UTC",1966.0,Atlas-D OV1 | OV1-4/OV1-5,Success
147,RVSN USSR,"Site 31/6, Baikonur Cosmodrome, Kazakhstan",Kazakhstan,USSR,"Sun Mar 27, 1966 07:20 UTC",1966.0,Molniya | Molniya-1 n°5,Failure
148,US Air Force,"SLC-5, Vandenberg SFB, California, USA",USA,USA,"Sat Mar 26, 1966 03:31 UTC",1966.0,Scout A | Transit-O 8,Success
149,RVSN USSR,"Site 81/24, Baikonur Cosmodrome, Kazakhstan",Kazakhstan,USSR,"Thu Mar 24, 1966 14:39 UTC",1966.0,Proton | N-4 n°3,Failure
150,RVSN USSR,"Site 31/6, Baikonur Cosmodrome, Kazakhstan",Kazakhstan,USSR,"Mon Mar 21, 1966 09:40 UTC",1966.0,Voskhod | Cosmos 113,Success
151,General Dynamics,"SLC-4E, Vandenberg SFB, California, USA",USA,USA,"Fri Mar 18, 1966 20:00 UTC",1966.0,Atlas-SLV3 Agena-D | KH-7 Gambit 4026,Success
152,RVSN USSR,"Site 41/1, Plesetsk Cosmodrome, Russia",Russia,USSR,"Thu Mar 17, 1966 10:28 UTC",1966.0,Vostok-2 | Cosmos 112,Success
153,NASA,"LC-19, Cape Canaveral SFS, Florida, USA",USA,USA,"Wed Mar 16, 1966 16:41 UTC",1966.0,Titan II GLV | Gemini VIII,Success
154,General Dynamics,"LC-14, Cape Canaveral SFS, Florida, USA",USA,USA,"Wed Mar 16, 1966 15:00 UTC",1966.0,Atlas-SLV3 Agena-D | GATV 5003,Success
155,RVSN USSR,"Site 67/21, Baikonur Cosmodrome, Kazakhstan",Kazakhstan,USSR,"Tue Mar 15, 1966 23:59 UTC",1966.0,R-36 Orb. | OGTch n°03,Prelaunch Failure
156,US Air Force,"SLC-1W (75-3-4), Vandenberg SFB, California, USA",USA,USA,"Wed Mar 09, 1966 22:02 UTC",1966.0,Thor-SLV2A Agena-D | OPS 3488,Success
157,RVSN USSR,"Site 31/6, Baikonur Cosmodrome, Kazakhstan",Kazakhstan,USSR,"Tue Mar 01, 1966 11:03 UTC",1966.0,Molniya-M /Block L | Cosmos 111,Partial Failure
158,US Air Force,"SLC-17B, Cape Canaveral SFS, Florida, USA",USA,USA,"Mon Feb 28, 1966 13:58 UTC",1966.0,Delta E | ESSA-2,Success
159,NASA,"LC-34, Cape Canaveral SFS, Florida, USA",USA,USA,"Sat Feb 26, 1966 16:12 UTC",1966.0,Saturn IB | AS-201,Success
160,RVSN USSR,"Site 31/6, Baikonur Cosmodrome, Kazakhstan",Kazakhstan,USSR,"Tue Feb 22, 1966 20:09 UTC",1966.0,Voskhod | Cosmos 110,Success
161,RVSN USSR,"Site 86/1, Kapustin Yar, Russia",Russia,USSR,"Mon Feb 21, 1966 13:30 UTC",1966.0,Cosmos-1 (65S3) | DS-K40 n°2,Failure
162,RVSN USSR,"Site 31/6, Baikonur Cosmodrome, Kazakhstan",Kazakhstan,USSR,"Sat Feb 19, 1966 08:49 UTC",1966.0,Voskhod | Cosmos 109,Success
163,Armée de l'Air,"Brigitte, Hammaguir, Algeria, France",France,Other,"Thu Feb 17, 1966 08:33 UTC",1966.0,Diamant A | Diapason,Success
164,General Dynamics,"SLC-4E, Vandenberg SFB, California, USA",USA,USA,"Tue Feb 15, 1966 20:30 UTC",1966.0,Atlas-SLV3 Agena-D | KH-7 Gambit 4025,Success
165,RVSN USSR,"Site 86/1, Kapustin Yar, Russia",Russia,USSR,"Fri Feb 11, 1966 18:00 UTC",1966.0,Cosmos-1 (65S3) | Cosmos 108,Success
166,RVSN USSR,"Site 31/6, Baikonur Cosmodrome, Kazakhstan",Kazakhstan,USSR,"Thu Feb 10, 1966 08:40 UTC",1966.0,Vostok-2 | Cosmos 107,Success
167,US Air Force,"SLC-2W, Vandenberg SFB, California, USA",USA,USA,"Wed Feb 09, 1966 19:45 UTC",1966.0,Thor-SLV2A Agena-D | OPS 1439,Success
168,RVSN USSR,"Site 67/21, Baikonur Cosmodrome, Kazakhstan",Kazakhstan,USSR,"Sat Feb 05, 1966 12:19 UTC",1966.0,R-36 Orb. | OGTch n°02,Success
169,US Air Force,"SLC-17A, Cape Canaveral SFS, Florida, USA",USA,USA,"Thu Feb 03, 1966 07:41 UTC",1966.0,Delta C | ESSA-1,Success
170,US Air Force,"SLC-2E (75-1-1), Vandenberg SFB, California, USA",USA,USA,"Wed Feb 02, 1966 21:32 UTC",1966.0,Thor-SLV2A Agena-D | OPS 7291,Success
171,RVSN USSR,"Site 31/6, Baikonur Cosmodrome, Kazakhstan",Kazakhstan,USSR,"Mon Jan 31, 1966 11:41 UTC",1966.0,Molniya-M /Block L | Luna 9,Success
172,US Air Force,"SLC-5, Vandenberg SFB, California, USA",USA,USA,"Fri Jan 28, 1966 17:06 UTC",1966.0,Scout A | Transit-O 7,Success
173,RVSN USSR,"Site 86/1, Kapustin Yar, Russia",Russia,USSR,"Tue Jan 25, 1966 12:28 UTC",1966.0,Cosmos-2 (63SM) | Cosmos 106,Success
174,RVSN USSR,"Site 31/6, Baikonur Cosmodrome, Kazakhstan",Kazakhstan,USSR,"Sat Jan 22, 1966 08:30 UTC",1966.0,Vostok-2 | Cosmos 105,Success
175,General Dynamics,"SLC-4E, Vandenberg SFB, California, USA",USA,USA,"Wed Jan 19, 1966 20:03 UTC",1966.0,Atlas-SLV3 Agena-D | KH-7 Gambit 4024,Success
176,RVSN USSR,"Site 31/6, Baikonur Cosmodrome, Kazakhstan",Kazakhstan,USSR,"Fri Jan 07, 1966 08:20 UTC",1966.0,Vostok-2 | Cosmos 104,Partial Failure
177,US Air Force,"SLC-10W (75-2-6), Vandenberg SFB, California, USA",USA,USA,"Fri Jan 07, 1966 04:48 UTC",1966.0,Thor-LV2D Burner-1I | DMSP-3B-F5,Failure
178,RVSN USSR,"Site 41/15, Baikonur Cosmodrome, Kazakhstan",Kazakhstan,USSR,"Tue Dec 28, 1965 12:30 UTC",1965.0,Cosmos-3 | Cosmos 103,Success
179,RVSN USSR,"Site 86/1, Kapustin Yar, Russia",Russia,USSR,"Tue Dec 28, 1965 08:10 UTC",1965.0,Cosmos-1 (65S3) | DS-K40 n°1,Failure
180,RVSN USSR,"Site 31/6, Baikonur Cosmodrome, Kazakhstan",Kazakhstan,USSR,"Mon Dec 27, 1965 22:24 UTC",1965.0,Vostok-2A | Cosmos 102,Success
181,US Air Force,"SLC-1W (75-3-4), Vandenberg SFB, California, USA",USA,USA,"Fri Dec 24, 1965 21:06 UTC",1965.0,Thor-SLV2A Agena-D | OPS 4639,Success
182,US Air Force,"SLC-5, Vandenberg SFB, California, USA",USA,USA,"Wed Dec 22, 1965 04:33 UTC",1965.0,Scout A | Transit-O 6,Success
183,Martin Marietta,"SLC-41, Cape Canaveral SFS, Florida, USA",USA,USA,"Tue Dec 21, 1965 14:00 UTC",1965.0,"Titan IIIC | LES 3 & 4, OV2-3, OSCAR-4",Partial Failure
184,RVSN USSR,"Site 86/1, Kapustin Yar, Russia",Russia,USSR,"Tue Dec 21, 1965 06:14 UTC",1965.0,Cosmos-1 (65S3) | Cosmos 101,Success
185,RVSN USSR,"Site 31/6, Baikonur Cosmodrome, Kazakhstan",Kazakhstan,USSR,"Fri Dec 17, 1965 02:20 UTC",1965.0,Vostok-2M | Cosmos 100,Success
186,RVSN USSR,"Site 67/21, Baikonur Cosmodrome, Kazakhstan",Kazakhstan,USSR,"Thu Dec 16, 1965 14:09 UTC",1965.0,R-36 Orb. | OGTch n°01,Success
187,US Air Force,"SLC-17A, Cape Canaveral SFS, Florida, USA",USA,USA,"Thu Dec 16, 1965 07:31 UTC",1965.0,Delta E | Pioneer 6,Success
188,NASA,"LC-19, Cape Canaveral SFS, Florida, USA",USA,USA,"Wed Dec 15, 1965 13:37 UTC",1965.0,Titan II GLV | Gemini VI-A,Success
189,RVSN USSR,"Site 31/6, Baikonur Cosmodrome, Kazakhstan",Kazakhstan,USSR,"Fri Dec 10, 1965 08:10 UTC",1965.0,Vostok-2 | Cosmos 99,Success
190,US Air Force,"SLC-1E (75-3-5), Vandenberg SFB, California, USA",USA,USA,"Thu Dec 09, 1965 21:10 UTC",1965.0,Thor-SLV2A Agena-D | OPS 7249,Success
191,US Air Force,"SLC-5, Vandenberg SFB, California, USA",USA,USA,"Mon Dec 06, 1965 21:05 UTC",1965.0,Scout X-4 | France 1,Success
192,NASA,"LC-19, Cape Canaveral SFS, Florida, USA",USA,USA,"Sat Dec 04, 1965 19:30 UTC",1965.0,Titan II GLV | Gemini VII,Success
193,RVSN USSR,"Site 31/6, Baikonur Cosmodrome, Kazakhstan",Kazakhstan,USSR,"Fri Dec 03, 1965 10:46 UTC",1965.0,Molniya | Luna 8,Success
194,US Air Force,"SLC-2E (75-1-1), Vandenberg SFB, California, USA",USA,USA,"Mon Nov 29, 1965 04:48 UTC",1965.0,Thor DM-21 Agena-B | Alouette 2 & Explorer 31 (DME-A),Success
195,RVSN USSR,"Site 31/6, Baikonur Cosmodrome, Kazakhstan",Kazakhstan,USSR,"Sat Nov 27, 1965 08:20 UTC",1965.0,Vostok-2 | Cosmos 98,Success
196,Armée de l'Air,"Brigitte, Hammaguir, Algeria, France",France,Other,"Fri Nov 26, 1965 14:47 UTC",1965.0,Diamant A | Astérix,Success
197,RVSN USSR,"Site 86/1, Kapustin Yar, Russia",Russia,USSR,"Fri Nov 26, 1965 12:14 UTC",1965.0,Cosmos-2 (63SM) | Cosmos 97,Success
198,RVSN USSR,"Site 31/6, Baikonur Cosmodrome, Kazakhstan",Kazakhstan,USSR,"Tue Nov 23, 1965 03:14 UTC",1965.0,Molniya | Cosmos 96,Partial Failure
199,NASA,"LA-3, Wallops Flight Facility, Virginia, USA",USA,USA,"Fri Nov 19, 1965 04:48 UTC",1965.0,Scout X-4 | Explorer 30 (SOLRAD 8),Success
200,RVSN USSR,"Site 31/6, Baikonur Cosmodrome, Kazakhstan",Kazakhstan,USSR,"Tue Nov 16, 1965 04:13 UTC",1965.0,Molniya | Venera 3,Success
201,RVSN USSR,"Site 31/6, Baikonur Cosmodrome, Kazakhstan",Kazakhstan,USSR,"Fri Nov 12, 1965 04:46 UTC",1965.0,Molniya | Venera 2,Success
202,General Dynamics,"SLC-4E, Vandenberg SFB, California, USA",USA,USA,"Mon Nov 08, 1965 19:30 UTC",1965.0,Atlas-SLV3 Agena-D | KH-7 Gambit 4023,Success
203,US Air Force,"SLC-17A, Cape Canaveral SFS, Florida, USA",USA,USA,"Sat Nov 06, 1965 18:38 UTC",1965.0,Delta E | Explorer 29 (GEOS 1),Success
204,RVSN USSR,"Site 86/1, Kapustin Yar, Russia",Russia,USSR,"Thu Nov 04, 1965 05:31 UTC",1965.0,Cosmos-2 (63SM) | Cosmos 95,Success
205,RVSN USSR,"Site 81/24, Baikonur Cosmodrome, Kazakhstan",Kazakhstan,USSR,"Tue Nov 02, 1965 12:29 UTC",1965.0,Proton | Proton 2,Success
206,US Air Force,"SLC-2E (75-1-1), Vandenberg SFB, California, USA",USA,USA,"Thu Oct 28, 1965 21:17 UTC",1965.0,Thor-SLV2A Agena-D | OPS 2155,Success
207,RVSN USSR,"Site 31/6, Baikonur Cosmodrome, Kazakhstan",Kazakhstan,USSR,"Thu Oct 28, 1965 08:15 UTC",1965.0,Voskhod | Cosmos 94,Success
208,General Dynamics,"LC-14, Cape Canaveral SFS, Florida, USA",USA,USA,"Mon Oct 25, 1965 15:00 UTC",1965.0,Atlas-SLV3 Agena-D | GATV 5002,Failure
209,RVSN USSR,"Site 86/1, Kapustin Yar, Russia",Russia,USSR,"Tue Oct 19, 1965 05:44 UTC",1965.0,Cosmos-2 (63SM) | Cosmos 93,Success
210,RVSN USSR,"Site 31/6, Baikonur Cosmodrome, Kazakhstan",Kazakhstan,USSR,"Sat Oct 16, 1965 08:14 UTC",1965.0,Voskhod | Cosmos 92,Success
211,Martin Marietta,"SLC-40, Cape Canaveral SFS, Florida, USA",USA,USA,"Fri Oct 15, 1965 17:23 UTC",1965.0,Titan IIIC | LCS-2 & OV2-1,Failure
212,US Air Force,"SLC-2E (75-1-1), Vandenberg SFB, California, USA",USA,USA,"Thu Oct 14, 1965 13:11 UTC",1965.0,Thor-SLV2A Agena-D | OGO-2,Success
213,RVSN USSR,"Site 1/5, Baikonur Cosmodrome, Kazakhstan",Kazakhstan,USSR,"Thu Oct 14, 1965 06:00 UTC",1965.0,Molniya | Molniya-1 n°4,Success
214,US Air Force,"SLC-1E (75-3-5), Vandenberg SFB, California, USA",USA,USA,"Tue Oct 05, 1965 17:45 UTC",1965.0,Thor-SLV2A Agena-D | OPS 5325,Success
215,General Dynamics,"LC-576B3, Vandenberg SFB, California, USA",USA,USA,"Tue Oct 05, 1965 09:07 UTC",1965.0,Atlas-D OV1 | OV1-2,Success
216,RVSN USSR,"Site 1/5, Baikonur Cosmodrome, Kazakhstan",Kazakhstan,USSR,"Mon Oct 04, 1965 07:36 UTC",1965.0,Molniya-M /Block L | Luna 7,Success
217,General Dynamics,"SLC-4E, Vandenberg SFB, California, USA",USA,USA,"Thu Sep 30, 1965 19:23 UTC",1965.0,Atlas-SLV3 Agena-D | KH-7 Gambit 4022,Success
218,RVSN USSR,"Site 31/6, Baikonur Cosmodrome, Kazakhstan",Kazakhstan,USSR,"Thu Sep 23, 1965 09:00 UTC",1965.0,Voskhod | Cosmos 91,Success
219,US Air Force,"SLC-2E (75-1-1), Vandenberg SFB, California, USA",USA,USA,"Wed Sep 22, 1965 21:31 UTC",1965.0,Thor-SLV2A Agena-D | OPS 7221,Success
220,RVSN USSR,"Site 41/15, Baikonur Cosmodrome, Kazakhstan",Kazakhstan,USSR,"Sat Sep 18, 1965 07:59 UTC",1965.0,Cosmos-3 | Cosmos 86 to 90,Success
221,US Air Force,"SLC-10W (75-2-6), Vandenberg SFB, California, USA",USA,USA,"Fri Sep 10, 1965 04:41 UTC",1965.0,Thor-LV2D Burner-1I | DMSP-3B-F4,Success
222,RVSN USSR,"Site 31/6, Baikonur Cosmodrome, Kazakhstan",Kazakhstan,USSR,"Thu Sep 09, 1965 09:30 UTC",1965.0,Voskhod | Cosmos 85,Success
223,RVSN USSR,"Site 41/15, Baikonur Cosmodrome, Kazakhstan",Kazakhstan,USSR,"Fri Sep 03, 1965 14:00 UTC",1965.0,Cosmos-3 | Cosmos 80 to 84,Success
224,US Air Force,"SLC-1E (75-3-5), Vandenberg SFB, California, USA",USA,USA,"Thu Sep 02, 1965 20:00 UTC",1965.0,Thor DM-21 Agena-D | MPRV,Failure
225,US Air Force,"SLC-17B, Cape Canaveral SFS, Florida, USA",USA,USA,"Wed Aug 25, 1965 15:17 UTC",1965.0,Delta C | OSO-C,Failure
226,RVSN USSR,"Site 1/5, Baikonur Cosmodrome, Kazakhstan",Kazakhstan,USSR,"Wed Aug 25, 1965 10:10 UTC",1965.0,Voskhod | Cosmos 79,Success
227,NASA,"LC-19, Cape Canaveral SFS, Florida, USA",USA,USA,"Sat Aug 21, 1965 13:59 UTC",1965.0,Titan II GLV | Gemini V,Success
228,US Air Force,"SLC-2E (75-1-1), Vandenberg SFB, California, USA",USA,USA,"Tue Aug 17, 1965 20:59 UTC",1965.0,Thor-SLV2A Agena-D | OPS 7208,Success
229,RVSN USSR,"Site 31/6, Baikonur Cosmodrome, Kazakhstan",Kazakhstan,USSR,"Sat Aug 14, 1965 10:56 UTC",1965.0,Vostok-2 | Cosmos 78,Success
230,US Air Force,"SLC-2E (75-1-1), Vandenberg SFB, California, USA",USA,USA,"Fri Aug 13, 1965 22:11 UTC",1965.0,Thor-DSV2A Ablestar | OPS 8464 & Others,Success
231,General Dynamics,"SLC-36B, Cape Canaveral SFS, Florida, USA",USA,USA,"Wed Aug 11, 1965 14:31 UTC",1965.0,Atlas-LV3C Centaur-D | Surveyor SD-2,Success
232,NASA,"LA-3, Wallops Flight Facility, Virginia, USA",USA,USA,"Tue Aug 10, 1965 17:54 UTC",1965.0,Scout B | SECOR 5 & SEV,Success
233,General Dynamics,"SLC-4E, Vandenberg SFB, California, USA",USA,USA,"Tue Aug 03, 1965 19:06 UTC",1965.0,Atlas-SLV3 Agena-D | KH-7 Gambit 4021,Success
234,RVSN USSR,"Site 31/6, Baikonur Cosmodrome, Kazakhstan",Kazakhstan,USSR,"Tue Aug 03, 1965 11:00 UTC",1965.0,Voskhod | Cosmos 77,Success
235,NASA,"SLC-37B, Cape Canaveral SFS, Florida, USA",USA,USA,"Fri Jul 30, 1965 13:00 UTC",1965.0,Saturn I Block II | A-105,Success
236,RVSN USSR,"Site 86/1, Kapustin Yar, Russia",Russia,USSR,"Fri Jul 23, 1965 04:34 UTC",1965.0,Cosmos-1 (65S3) | Cosmos 76,Success
237,General Dynamics,"LC-13, Cape Canaveral SFS, Florida, USA",USA,USA,"Tue Jul 20, 1965 08:27 UTC",1965.0,"Atlas-LV3 Agena-D | Vela 3A/3B, ERS-17",Success
238,US Air Force,"SLC-2E (75-1-1), Vandenberg SFB, California, USA",USA,USA,"Mon Jul 19, 1965 22:01 UTC",1965.0,Thor-SLV2A Agena-D | OPS 5543,Success
239,RVSN USSR,"Site 1/5, Baikonur Cosmodrome, Kazakhstan",Kazakhstan,USSR,"Sun Jul 18, 1965 14:32 UTC",1965.0,Molniya | Zond 3,Success
240,US Air Force,"SLC-2W, Vandenberg SFB, California, USA",USA,USA,"Sat Jul 17, 1965 05:55 UTC",1965.0,Thor-SLV2A Agena-D | OPS 8411,Success
241,RVSN USSR,"Site 81/24, Baikonur Cosmodrome, Kazakhstan",Kazakhstan,USSR,"Fri Jul 16, 1965 11:16 UTC",1965.0,Proton | Proton 1,Success
242,RVSN USSR,"Site 41/15, Baikonur Cosmodrome, Kazakhstan",Kazakhstan,USSR,"Fri Jul 16, 1965 03:31 UTC",1965.0,Cosmos-3 | Cosmos 71 to 75,Success
243,RVSN USSR,"Site 31/6, Baikonur Cosmodrome, Kazakhstan",Kazakhstan,USSR,"Tue Jul 13, 1965 11:00 UTC",1965.0,Vostok-2 | Zenit-2 n°28,Failure
244,General Dynamics,"SLC-4E, Vandenberg SFB, California, USA",USA,USA,"Mon Jul 12, 1965 19:00 UTC",1965.0,Atlas-SLV3 Agena-D | KH-7 Gambit 4020,Failure
245,RVSN USSR,"Site 86/1, Kapustin Yar, Russia",Russia,USSR,"Fri Jul 02, 1965 06:29 UTC",1965.0,Cosmos-1 (65S3) | Cosmos 70,Success
246,US Air Force,"SLC-17B, Cape Canaveral SFS, Florida, USA",USA,USA,"Fri Jul 02, 1965 04:07 UTC",1965.0,Delta C | TIROS-10,Success
247,General Dynamics,"SLC-4E, Vandenberg SFB, California, USA",USA,USA,"Fri Jun 25, 1965 19:30 UTC",1965.0,Atlas-SLV3 Agena-D | KH-7 Gambit 4019,Success
248,RVSN USSR,"Site 1/5, Baikonur Cosmodrome, Kazakhstan",Kazakhstan,USSR,"Fri Jun 25, 1965 09:45 UTC",1965.0,Voskhod | Cosmos 69,Success
249,US Air Force,"SLC-2E (75-1-1), Vandenberg SFB, California, USA",USA,USA,"Thu Jun 24, 1965 22:35 UTC",1965.0,Thor-DSV2A Ablestar | OPS 8480,Success
250,Martin Marietta,"SLC-40, Cape Canaveral SFS, Florida, USA",USA,USA,"Fri Jun 18, 1965 14:00 UTC",1965.0,Titan IIIC | Transtage 5,Success
251,RVSN USSR,"Site 31/6, Baikonur Cosmodrome, Kazakhstan",Kazakhstan,USSR,"Tue Jun 15, 1965 09:43 UTC",1965.0,Vostok-2 | Cosmos 68,Success
252,US Air Force,"SLC-1E (75-3-5), Vandenberg SFB, California, USA",USA,USA,"Wed Jun 09, 1965 21:58 UTC",1965.0,Thor-SLV2A Agena-D | OPS 8425,Success
253,RVSN USSR,"Site 1/5, Baikonur Cosmodrome, Kazakhstan",Kazakhstan,USSR,"Tue Jun 08, 1965 07:40 UTC",1965.0,Molniya | Luna 6,Success
254,NASA,"LC-19, Cape Canaveral SFS, Florida, USA",USA,USA,"Thu Jun 03, 1965 15:15 UTC",1965.0,Titan II GLV | Gemini IV,Success
255,US Air Force,"SLC-17B, Cape Canaveral SFS, Florida, USA",USA,USA,"Sat May 29, 1965 12:00 UTC",1965.0,Delta C | Explorer 28 (IMP-C),Success
256,General Dynamics,"LC-576B3, Vandenberg SFB, California, USA",USA,USA,"Fri May 28, 1965 02:54 UTC",1965.0,Atlas-D OV1 | OV1-3,Failure
257,General Dynamics,"SLC-4E, Vandenberg SFB, California, USA",USA,USA,"Thu May 27, 1965 20:48 UTC",1965.0,Atlas-SLV3 Agena-D | KH-7 Gambit 4018,Success
258,RVSN USSR,"Site 31/6, Baikonur Cosmodrome, Kazakhstan",Kazakhstan,USSR,"Tue May 25, 1965 10:50 UTC",1965.0,Voskhod | Cosmos 67,Success
259,NASA,"SLC-37B, Cape Canaveral SFS, Florida, USA",USA,USA,"Tue May 25, 1965 07:35 UTC",1965.0,Saturn I Block II | A-104,Success
260,US Air Force,"SLC-10W (75-2-6), Vandenberg SFB, California, USA",USA,USA,"Thu May 20, 1965 16:30 UTC",1965.0,Thor-LV2D Burner-1I | DMSP-3B-F3,Success
261,US Air Force,"SLC-1W (75-3-4), Vandenberg SFB, California, USA",USA,USA,"Tue May 18, 1965 18:02 UTC",1965.0,Thor-SLV2A Agena-D | OPS 8431,Success
262,RVSN USSR,"Site 1/5, Baikonur Cosmodrome, Kazakhstan",Kazakhstan,USSR,"Sun May 09, 1965 07:49 UTC",1965.0,Molniya | Luna 5,Success
263,RVSN USSR,"Site 31/6, Baikonur Cosmodrome, Kazakhstan",Kazakhstan,USSR,"Fri May 07, 1965 09:29 UTC",1965.0,Vostok-2 | Cosmos 66,Success
264,US Air Force,"SLC-20, Cape Canaveral SFS, Florida, USA",USA,USA,"Thu May 06, 1965 15:00 UTC",1965.0,Titan IIIA | LES 2 & LCS 1,Success
265,US Air Force,"SLC-2E (75-1-1), Vandenberg SFB, California, USA",USA,USA,"Thu Apr 29, 1965 21:44 UTC",1965.0,Thor-SLV2A Agena-D | OPS 5023,Success
266,NASA,"LA-3, Wallops Flight Facility, Virginia, USA",USA,USA,"Thu Apr 29, 1965 14:17 UTC",1965.0,Scout X-4 | Explorer 27 (BE-C),Success
267,General Dynamics,"SLC-4E, Vandenberg SFB, California, USA",USA,USA,"Wed Apr 28, 1965 21:15 UTC",1965.0,Atlas-SLV3 Agena-D | KH-7 Gambit 4017,Success
268,RVSN USSR,"Site 1/5, Baikonur Cosmodrome, Kazakhstan",Kazakhstan,USSR,"Fri Apr 23, 1965 01:55 UTC",1965.0,Molniya | Molniya-1 n°3,Success
269,RVSN USSR,"Site 31/6, Baikonur Cosmodrome, Kazakhstan",Kazakhstan,USSR,"Sat Apr 17, 1965 09:50 UTC",1965.0,Voskhod | Cosmos 65,Success
270,RVSN USSR,"Site 1/5, Baikonur Cosmodrome, Kazakhstan",Kazakhstan,USSR,"Sat Apr 10, 1965 08:39 UTC",1965.0,Molniya | E-6 n°8 (Luna),Failure
271,US Air Force,"SLC-17A, Cape Canaveral SFS, Florida, USA",USA,USA,"Tue Apr 06, 1965 23:47 UTC",1965.0,Delta D | Intelsat 1,Success
272,General Dynamics,"SLC-4E, Vandenberg SFB, California, USA",USA,USA,"Sat Apr 03, 1965 21:25 UTC",1965.0,Atlas-SLV3 Agena-D | SNAPSHOT,Success
273,US Air Force,"SLC-1W (75-3-4), Vandenberg SFB, California, USA",USA,USA,"Thu Mar 25, 1965 21:11 UTC",1965.0,Thor-SLV2A Agena-D | OPS 4782,Success
274,RVSN USSR,"Site 31/6, Baikonur Cosmodrome, Kazakhstan",Kazakhstan,USSR,"Thu Mar 25, 1965 10:00 UTC",1965.0,Vostok-2 | Cosmos 64,Success
275,NASA,"LC-19, Cape Canaveral SFS, Florida, USA",USA,USA,"Tue Mar 23, 1965 14:24 UTC",1965.0,Titan II GLV | Gemini 3,Success
276,General Dynamics,"LC-12, Cape Canaveral SFS, Florida, USA",USA,USA,"Sun Mar 21, 1965 21:37 UTC",1965.0,Atlas-LV3 Agena-B | Ranger 9,Success
277,RVSN USSR,"Site 1/5, Baikonur Cosmodrome, Kazakhstan",Kazakhstan,USSR,"Thu Mar 18, 1965 07:00 UTC",1965.0,Voskhod | Voskhod 2,Success
278,US Air Force,"SLC-10W (75-2-6), Vandenberg SFB, California, USA",USA,USA,"Thu Mar 18, 1965 04:43 UTC",1965.0,Thor-LV2D Burner-1I | DMSP-3B-F2,Success
279,RVSN USSR,"Site 41/15, Baikonur Cosmodrome, Kazakhstan",Kazakhstan,USSR,"Mon Mar 15, 1965 11:00 UTC",1965.0,"Cosmos-3 | Cosmos 61, 62 & 63",Success
280,General Dynamics,"SLC-4W, Vandenberg SFB, California, USA",USA,USA,"Fri Mar 12, 1965 19:20 UTC",1965.0,Atlas-SLV3 Agena-D | KH-7 Gambit 4016,Success
281,RVSN USSR,"Site 1/5, Baikonur Cosmodrome, Kazakhstan",Kazakhstan,USSR,"Fri Mar 12, 1965 09:25 UTC",1965.0,Molniya | Cosmos 60,Success
282,US Air Force,"SLC-2E (75-1-1), Vandenberg SFB, California, USA",USA,USA,"Thu Mar 11, 1965 13:39 UTC",1965.0,Thor-DSV2A Ablestar | OPS 7087 & SECOR 2,Success
283,US Air Force,"SLC-2W, Vandenberg SFB, California, USA",USA,USA,"Tue Mar 09, 1965 18:29 UTC",1965.0,Thor DM-21 Agena-D | SECOR 3 & Others,Success
284,RVSN USSR,"Site 31/6, Baikonur Cosmodrome, Kazakhstan",Kazakhstan,USSR,"Sun Mar 07, 1965 08:59 UTC",1965.0,Voskhod | Cosmos 59,Success
285,General Dynamics,"SLC-36A, Cape Canaveral SFS, Florida, USA",USA,USA,"Tue Mar 02, 1965 13:25 UTC",1965.0,Atlas-LV3C Centaur-C | Surveyor-SD 1,Failure
286,RVSN USSR,"Site 31/6, Baikonur Cosmodrome, Kazakhstan",Kazakhstan,USSR,"Fri Feb 26, 1965 05:01 UTC",1965.0,Vostok-2M | Cosmos 58,Success
287,US Air Force,"SLC-2E (75-1-1), Vandenberg SFB, California, USA",USA,USA,"Thu Feb 25, 1965 21:44 UTC",1965.0,Thor-SLV2A Agena-D | OPS 4782,Success
288,RVSN USSR,"Site 1/5, Baikonur Cosmodrome, Kazakhstan",Kazakhstan,USSR,"Mon Feb 22, 1965 07:30 UTC",1965.0,Voskhod | Cosmos 57,Success
289,RVSN USSR,"Site 41/15, Baikonur Cosmodrome, Kazakhstan",Kazakhstan,USSR,"Sun Feb 21, 1965 11:00 UTC",1965.0,"Cosmos-3 | Cosmos 54, 55 & 56",Success
290,RVSN USSR,"Site 86/1, Kapustin Yar, Russia",Russia,USSR,"Sat Feb 20, 1965 06:30 UTC",1965.0,Cosmos-1 (65S3) | DS-A1 n°6,Failure
291,General Dynamics,"LC-12, Cape Canaveral SFS, Florida, USA",USA,USA,"Wed Feb 17, 1965 17:05 UTC",1965.0,Atlas-LV3 Agena-B | Ranger 8,Success
292,NASA,"SLC-37B, Cape Canaveral SFS, Florida, USA",USA,USA,"Tue Feb 16, 1965 14:37 UTC",1965.0,Saturn I Block II | A-103,Success
293,RVSN USSR,"Site 86/1, Kapustin Yar, Russia",Russia,USSR,"Fri Feb 12, 1965 12:00 UTC",1965.0,Cosmos-1 (65S3) | DS-P1 You n°2,Failure
294,US Air Force,"SLC-20, Cape Canaveral SFS, Florida, USA",USA,USA,"Thu Feb 11, 1965 15:19 UTC",1965.0,Titan IIIA | LES 1,Success
295,US Air Force,"SLC-17B, Cape Canaveral SFS, Florida, USA",USA,USA,"Wed Feb 03, 1965 16:36 UTC",1965.0,Delta C | OSO-2,Success
296,RVSN USSR,"Site 86/1, Kapustin Yar, Russia",Russia,USSR,"Sat Jan 30, 1965 09:36 UTC",1965.0,Cosmos-1 (65S3) | Cosmos 53,Success
297,General Dynamics,"SLC-4W, Vandenberg SFB, California, USA",USA,USA,"Sat Jan 23, 1965 20:06 UTC",1965.0,Atlas-SLV3 Agena-D | KH-7 Gambit 4015,Success
298,US Air Force,"SLC-17A, Cape Canaveral SFS, Florida, USA",USA,USA,"Fri Jan 22, 1965 07:52 UTC",1965.0,Delta C | TIROS-9,Success
299,General Dynamics,"LC-576B3, Vandenberg SFB, California, USA",USA,USA,"Thu Jan 21, 1965 21:34 UTC",1965.0,Atlas-D OV1 | OV1-1,Failure
300,NASA,"LC-19, Cape Canaveral SFS, Florida, USA",USA,USA,"Tue Jan 19, 1965 14:04 UTC",1965.0,Titan II GLV | Gemini 2,Success
301,US Air Force,"SLC-10W (75-2-6), Vandenberg SFB, California, USA",USA,USA,"Tue Jan 19, 1965 05:03 UTC",1965.0,Thor-LV2D Burner-1I | DMSP-3B-F1,Partial Failure
303,RVSN USSR,"Site 31/6, Baikonur Cosmodrome, Kazakhstan",Kazakhstan,USSR,"Mon Jan 11, 1965 09:29 UTC",1965.0,Vostok-2 | Cosmos 52,Success
304,US Air Force,"SLC-2E (75-1-1), Vandenberg SFB, California, USA",USA,USA,"Mon Dec 21, 1964 19:08 UTC",1964.0,Thor-SLV2A Agena-D | Quill,Success
305,US Air Force,"SLC-17A, Cape Canaveral SFS, Florida, USA",USA,USA,"Mon Dec 21, 1964 09:00 UTC",1964.0,Delta C | Explorer 26 (EPE-D),Success
306,US Air Force,"SLC-1W (75-3-4), Vandenberg SFB, California, USA",USA,USA,"Sat Dec 19, 1964 21:10 UTC",1964.0,Thor-SLV2A Agena-D | OPS 3358,Success
307,NASA,"LA-3, Wallops Flight Facility, Virginia, USA",USA,USA,"Tue Dec 15, 1964 20:20 UTC",1964.0,Scout X-4 | San Marco 1,Success
308,US Air Force,"SLC-2W, Vandenberg SFB, California, USA",USA,USA,"Sun Dec 13, 1964 00:08 UTC",1964.0,Thor-DSV2A Ablestar | Transit O-2 & Transit 5E-5,Success
309,General Dynamics,"SLC-36A, Cape Canaveral SFS, Florida, USA",USA,USA,"Fri Dec 11, 1964 14:25 UTC",1964.0,Atlas-LV3C Centaur-C | Surveyor-Model 1,Partial Failure
310,US Air Force,"SLC-20, Cape Canaveral SFS, Florida, USA",USA,USA,"Thu Dec 10, 1964 16:53 UTC",1964.0,Titan IIIA | Transtage 2,Success
311,RVSN USSR,"Site 86/1, Kapustin Yar, Russia",Russia,USSR,"Wed Dec 09, 1964 23:02 UTC",1964.0,Cosmos-1 (65S3) | Cosmos 51,Success
312,General Dynamics,"SLC-4E, Vandenberg SFB, California, USA",USA,USA,"Fri Dec 04, 1964 19:00 UTC",1964.0,Atlas-SLV3 Agena-D | KH-7 Gambit 4014,Success
313,RVSN USSR,"Mayak-2, Kapustin Yar, Russia",Russia,USSR,"Tue Dec 01, 1964 08:45 UTC",1964.0,Cosmos-1 (65S3) | DS-2 n°2,Failure
314,RVSN USSR,"Site 1/5, Baikonur Cosmodrome, Kazakhstan",Kazakhstan,USSR,"Mon Nov 30, 1964 13:12 UTC",1964.0,Molniya | Zond 2,Success
315,General Dynamics,"LC-12, Cape Canaveral SFS, Florida, USA",USA,USA,"Sat Nov 28, 1964 14:22 UTC",1964.0,Atlas-LV3 Agena-D | Mariner 4,Success
316,US Air Force,"SLC-5, Vandenberg SFB, California, USA",USA,USA,"Sat Nov 21, 1964 17:09 UTC",1964.0,Scout X-4 | Explorer 24 & 25 (AD-B & Injun4),Success
317,US Air Force,"SLC-2E (75-1-1), Vandenberg SFB, California, USA",USA,USA,"Wed Nov 18, 1964 20:35 UTC",1964.0,Thor-SLV2A Agena-D | OPS 3360,Success
318,NASA,"LA-3, Wallops Flight Facility, Virginia, USA",USA,USA,"Fri Nov 06, 1964 12:02 UTC",1964.0,Scout X-4 | Explorer 23 (S 55C),Success
319,General Dynamics,"LC-13, Cape Canaveral SFS, Florida, USA",USA,USA,"Thu Nov 05, 1964 19:22 UTC",1964.0,Atlas-LV3 Agena-D | Mariner 3,Failure
320,US Air Force,"SLC-1E (75-3-5), Vandenberg SFB, California, USA",USA,USA,"Wed Nov 04, 1964 02:12 UTC",1964.0,Thor-SLV2A Agena-D | OPS 3062,Success
321,US Air Force,"SLC-1W (75-3-4), Vandenberg SFB, California, USA",USA,USA,"Mon Nov 02, 1964 21:30 UTC",1964.0,Thor-SLV2A Agena-D | OPS 5434,Success
322,RVSN USSR,"Site 31/6, Baikonur Cosmodrome, Kazakhstan",Kazakhstan,USSR,"Wed Oct 28, 1964 10:40 UTC",1964.0,Vostok-2 | Cosmos 50,Success
323,RVSN USSR,"Mayak-2, Kapustin Yar, Russia",Russia,USSR,"Sat Oct 24, 1964 05:17 UTC",1964.0,Cosmos-1 (65S3) | Cosmos 49,Success
324,General Dynamics,"SLC-4W, Vandenberg SFB, California, USA",USA,USA,"Fri Oct 23, 1964 18:27 UTC",1964.0,Atlas-LV3 Agena-D | KH-7 Gambit 4013,Success
325,RVSN USSR,"Site 41/15, Baikonur Cosmodrome, Kazakhstan",Kazakhstan,USSR,"Fri Oct 23, 1964 07:30 UTC",1964.0,Cosmos-3 | Strela-1 n°04 to 06,Failure
326,US Air Force,"SLC-3W, Vandenberg SFB, California, USA",USA,USA,"Sat Oct 17, 1964 22:02 UTC",1964.0,Thor-SLV2A Agena-D | OPS 3559,Success
327,RVSN USSR,"Site 31/6, Baikonur Cosmodrome, Kazakhstan",Kazakhstan,USSR,"Wed Oct 14, 1964 10:00 UTC",1964.0,Vostok-2 | Cosmos 48,Success
328,RVSN USSR,"Site 1/5, Baikonur Cosmodrome, Kazakhstan",Kazakhstan,USSR,"Mon Oct 12, 1964 07:30 UTC",1964.0,Voskhod | Voskhod 1,Success
329,US Air Force,"SLC-5, Vandenberg SFB, California, USA",USA,USA,"Sat Oct 10, 1964 03:01 UTC",1964.0,Scout X-4 | Explorer 22 (BE-B),Success
330,General Dynamics,"SLC-4E, Vandenberg SFB, California, USA",USA,USA,"Wed Oct 07, 1964 19:30 UTC",1964.0,Atlas-SLV3 Agena-D | KH-7 Gambit 4012,Failure
331,US Air Force,"SLC-2W, Vandenberg SFB, California, USA",USA,USA,"Tue Oct 06, 1964 17:04 UTC",1964.0,"Thor-DSV2A Ablestar | Transit O-1, Dragsphere 1 & 2",Success
332,RVSN USSR,"Site 1/5, Baikonur Cosmodrome, Kazakhstan",Kazakhstan,USSR,"Tue Oct 06, 1964 07:00 UTC",1964.0,Voskhod | Cosmos 47,Success
333,US Air Force,"SLC-1W (75-3-4), Vandenberg SFB, California, USA",USA,USA,"Mon Oct 05, 1964 21:50 UTC",1964.0,Thor-SLV2A Agena-D | OPS 3333,Success
334,US Air Force,"SLC-17A, Cape Canaveral SFS, Florida, USA",USA,USA,"Sun Oct 04, 1964 03:45 UTC",1964.0,Delta C | Explorer 21 (IMP-B),Partial Failure
335,RVSN USSR,"Site 31/6, Baikonur Cosmodrome, Kazakhstan",Kazakhstan,USSR,"Thu Sep 24, 1964 12:04 UTC",1964.0,Vostok-2 | Cosmos 46,Success
336,General Dynamics,"SLC-4E, Vandenberg SFB, California, USA",USA,USA,"Wed Sep 23, 1964 20:05 UTC",1964.0,Atlas-SLV3 Agena-D | KH-7 Gambit 4011,Success
337,NASA,"SLC-37B, Cape Canaveral SFS, Florida, USA",USA,USA,"Fri Sep 18, 1964 16:22 UTC",1964.0,Saturn I Block II | A-102,Success
338,US Air Force,"SLC-3W, Vandenberg SFB, California, USA",USA,USA,"Mon Sep 14, 1964 22:53 UTC",1964.0,Thor-SLV2A Agena-D | OPS 3497,Success
339,RVSN USSR,"Site 1/5, Baikonur Cosmodrome, Kazakhstan",Kazakhstan,USSR,"Sun Sep 13, 1964 09:45 UTC",1964.0,Voskhod | Cosmos 45,Success
340,General Dynamics,"LC-12, Cape Canaveral SFS, Florida, USA",USA,USA,"Sat Sep 05, 1964 01:23 UTC",1964.0,Atlas-LV3 Agena-B | OGO 1,Success
341,US Air Force,"SLC-20, Cape Canaveral SFS, Florida, USA",USA,USA,"Tue Sep 01, 1964 15:00 UTC",1964.0,Titan IIIA | Transtage 1,Failure
342,RVSN USSR,"Site 31/6, Baikonur Cosmodrome, Kazakhstan",Kazakhstan,USSR,"Fri Aug 28, 1964 16:00 UTC",1964.0,Vostok-2M | Cosmos 44,Success
343,US Air Force,"SLC-2E (75-1-1), Vandenberg SFB, California, USA",USA,USA,"Fri Aug 28, 1964 07:56 UTC",1964.0,Thor DM-21 Agena-B | Nimbus 1,Partial Failure
344,US Air Force,"SLC-5, Vandenberg SFB, California, USA",USA,USA,"Tue Aug 25, 1964 13:43 UTC",1964.0,Scout X-4 | Explorer 20 (IE-A),Success
345,RVSN USSR,"Mayak-2, Kapustin Yar, Russia",Russia,USSR,"Sat Aug 22, 1964 11:02 UTC",1964.0,Cosmos-1 (65S3) | Cosmos 42 & 43,Success
346,RVSN USSR,"Site 1/5, Baikonur Cosmodrome, Kazakhstan",Kazakhstan,USSR,"Sat Aug 22, 1964 07:21 UTC",1964.0,Molniya | Cosmos 41,Success
347,US Air Force,"SLC-2W, Vandenberg SFB, California, USA",USA,USA,"Fri Aug 21, 1964 15:45 UTC",1964.0,Thor-SLV2A Agena-D | OPS 2739,Success
348,US Air Force,"SLC-17A, Cape Canaveral SFS, Florida, USA",USA,USA,"Wed Aug 19, 1964 12:15 UTC",1964.0,Delta D | Syncom 3,Success
349,RVSN USSR,"Site 41/15, Baikonur Cosmodrome, Kazakhstan",Kazakhstan,USSR,"Tue Aug 18, 1964 09:15 UTC",1964.0,"Cosmos-3 | Cosmos 38, 39 & 40",Success
350,General Dynamics,"SLC-4E, Vandenberg SFB, California, USA",USA,USA,"Fri Aug 14, 1964 22:00 UTC",1964.0,Atlas-SLV3 Agena-D | KH-7 Gambit 4010,Success
351,RVSN USSR,"Site 31/6, Baikonur Cosmodrome, Kazakhstan",Kazakhstan,USSR,"Fri Aug 14, 1964 09:30 UTC",1964.0,Vostok-2 | Cosmos 37,Success
352,US Air Force,"SLC-1W (75-3-4), Vandenberg SFB, California, USA",USA,USA,"Wed Aug 05, 1964 23:15 UTC",1964.0,Thor-SLV2A Agena-D | OPS 3042,Success
353,RVSN USSR,"Mayak-2, Kapustin Yar, Russia",Russia,USSR,"Thu Jul 30, 1964 03:36 UTC",1964.0,Cosmos-1 (65S3) | Cosmos 36,Success
354,General Dynamics,"LC-12, Cape Canaveral SFS, Florida, USA",USA,USA,"Tue Jul 28, 1964 16:50 UTC",1964.0,Atlas-LV3 Agena-B | Ranger 7,Success
355,General Dynamics,"LC-13, Cape Canaveral SFS, Florida, USA",USA,USA,"Fri Jul 17, 1964 08:22 UTC",1964.0,Atlas-LV3 Agena-D | Vela 2A/2B,Success
356,RVSN USSR,"Site 31/6, Baikonur Cosmodrome, Kazakhstan",Kazakhstan,USSR,"Wed Jul 15, 1964 11:27 UTC",1964.0,Vostok-2 | Cosmos 35,Success
357,US Air Force,"SLC-3W, Vandenberg SFB, California, USA",USA,USA,"Fri Jul 10, 1964 23:14 UTC",1964.0,Thor-SLV2A Agena-D | OPS 3491,Success
358,RVSN USSR,"Site 1/5, Baikonur Cosmodrome, Kazakhstan",Kazakhstan,USSR,"Fri Jul 10, 1964 21:51 UTC",1964.0,Vostok | Elektron 3 & 4,Success
359,General Dynamics,"SLC-4W, Vandenberg SFB, California, USA",USA,USA,"Mon Jul 06, 1964 18:51 UTC",1964.0,Atlas-LV3 Agena-D | KH-7 Gambit 4009,Success
360,US Air Force,"SLC-1E (75-3-5), Vandenberg SFB, California, USA",USA,USA,"Thu Jul 02, 1964 23:59 UTC",1964.0,Thor-SLV2A Agena-D | OPS 3395,Success
361,RVSN USSR,"Site 1/5, Baikonur Cosmodrome, Kazakhstan",Kazakhstan,USSR,"Wed Jul 01, 1964 11:00 UTC",1964.0,Voskhod | Cosmos 34,Success
362,General Dynamics,"SLC-36A, Cape Canaveral SFS, Florida, USA",USA,USA,"Tue Jun 30, 1964 14:04 UTC",1964.0,Atlas-LV3C Centaur-C | AC-3 (Test Vehicle),Failure
363,US Air Force,"SLC-5, Vandenberg SFB, California, USA",USA,USA,"Thu Jun 25, 1964 01:40 UTC",1964.0,Scout X-4 | ESRS,Failure
364,RVSN USSR,"Site 31/6, Baikonur Cosmodrome, Kazakhstan",Kazakhstan,USSR,"Tue Jun 23, 1964 10:00 UTC",1964.0,Vostok-2 | Cosmos 33,Success
365,US Air Force,"SLC-2E (75-1-1), Vandenberg SFB, California, USA",USA,USA,"Fri Jun 19, 1964 23:18 UTC",1964.0,Thor-SLV2A Agena-D | OPS 3754,Success
366,US Air Force,"SLC-1W (75-3-4), Vandenberg SFB, California, USA",USA,USA,"Thu Jun 18, 1964 04:56 UTC",1964.0,Thor DM-21 Agena-D | OPS 4467A & OPS 4467B,Success
367,US Air Force,"SLC-2W, Vandenberg SFB, California, USA",USA,USA,"Sat Jun 13, 1964 15:47 UTC",1964.0,Thor-SLV2A Agena-D | OPS 3236,Success
368,RVSN USSR,"Site 31/6, Baikonur Cosmodrome, Kazakhstan",Kazakhstan,USSR,"Wed Jun 10, 1964 11:00 UTC",1964.0,Vostok-2 | Cosmos 32,Success
369,RVSN USSR,"Mayak-2, Kapustin Yar, Russia",Russia,USSR,"Sat Jun 06, 1964 06:00 UTC",1964.0,Cosmos-1 (65S3) | Cosmos 31,Success
370,US Air Force,"SLC-3W, Vandenberg SFB, California, USA",USA,USA,"Thu Jun 04, 1964 22:59 UTC",1964.0,Thor-SLV2A Agena-D | OPS 3483,Success
371,RVSN USSR,"Site 1/5, Baikonur Cosmodrome, Kazakhstan",Kazakhstan,USSR,"Thu Jun 04, 1964 04:00 UTC",1964.0,Molniya | Molniya-1 n°1,Failure
372,US Air Force,"SLC-5, Vandenberg SFB, California, USA",USA,USA,"Thu Jun 04, 1964 03:50 UTC",1964.0,Scout X-4 | Transit-5C 1,Success
373,NASA,"SLC-37B, Cape Canaveral SFS, Florida, USA",USA,USA,"Thu May 28, 1964 17:07 UTC",1964.0,Saturn I Block II | A-101,Success
374,General Dynamics,"SLC-4W, Vandenberg SFB, California, USA",USA,USA,"Tue May 19, 1964 19:21 UTC",1964.0,Atlas-LV3 Agena-D | KH-7 Gambit 4008,Success
375,RVSN USSR,"Site 1/5, Baikonur Cosmodrome, Kazakhstan",Kazakhstan,USSR,"Mon May 18, 1964 09:42 UTC",1964.0,Voskhod | Cosmos 30,Success
376,US Air Force,"SLC-1W (75-3-4), Vandenberg SFB, California, USA",USA,USA,"Mon Apr 27, 1964 23:23 UTC",1964.0,Thor-SLV2A Agena-D | OPS 2921,Success
377,RVSN USSR,"Site 31/6, Baikonur Cosmodrome, Kazakhstan",Kazakhstan,USSR,"Sat Apr 25, 1964 10:21 UTC",1964.0,Vostok-2 | Cosmos 29,Success
378,General Dynamics,"SLC-4W, Vandenberg SFB, California, USA",USA,USA,"Thu Apr 23, 1964 18:43 UTC",1964.0,Atlas-LV3 Agena-D | KH-7 Gambit 4007,Success
379,US Air Force,"SLC-2E (75-1-1), Vandenberg SFB, California, USA",USA,USA,"Tue Apr 21, 1964 18:50 UTC",1964.0,Thor-DSV2A Ablestar | Transit 5BN-3 & Transit 5E-4,Failure
380,RVSN USSR,"Site 1/5, Baikonur Cosmodrome, Kazakhstan",Kazakhstan,USSR,"Mon Apr 20, 1964 08:08 UTC",1964.0,Molniya | E-6 n°5 (Luna 5),Failure
381,RVSN USSR,"Site 1/5, Baikonur Cosmodrome, Kazakhstan",Kazakhstan,USSR,"Sun Apr 12, 1964 09:30 UTC",1964.0,Polyot | Polyot-2,Success
382,NASA,"LC-19, Cape Canaveral SFS, Florida, USA",USA,USA,"Wed Apr 08, 1964 16:00 UTC",1964.0,Titan II GLV | Gemini 1,Success
383,RVSN USSR,"Site 31/6, Baikonur Cosmodrome, Kazakhstan",Kazakhstan,USSR,"Sat Apr 04, 1964 09:45 UTC",1964.0,Vostok-2 | Cosmos 28,Success
384,RVSN USSR,"Site 1/5, Baikonur Cosmodrome, Kazakhstan",Kazakhstan,USSR,"Thu Apr 02, 1964 02:42 UTC",1964.0,Molniya | Zond 1,Success
385,NASA,"LA-3, Wallops Flight Facility, Virginia, USA",USA,USA,"Fri Mar 27, 1964 17:25 UTC",1964.0,Scout X-3 | Ariel 2,Success
386,RVSN USSR,"Site 1/5, Baikonur Cosmodrome, Kazakhstan",Kazakhstan,USSR,"Fri Mar 27, 1964 03:24 UTC",1964.0,Molniya | Cosmos 27,Failure
387,US Air Force,"SLC-3W, Vandenberg SFB, California, USA",USA,USA,"Tue Mar 24, 1964 22:22 UTC",1964.0,Thor-SLV2A Agena-D | OPS 3467,Failure
388,RVSN USSR,"Site 1/5, Baikonur Cosmodrome, Kazakhstan",Kazakhstan,USSR,"Sat Mar 21, 1964 08:15 UTC",1964.0,Molniya | E-6 n°6,Failure
389,US Air Force,"SLC-17A, Cape Canaveral SFS, Florida, USA",USA,USA,"Thu Mar 19, 1964 11:13 UTC",1964.0,Delta B | BE-A,Failure
390,RVSN USSR,"Mayak-2, Kapustin Yar, Russia",Russia,USSR,"Wed Mar 18, 1964 15:07 UTC",1964.0,Cosmos-1 (65S3) | Cosmos 26,Success
391,General Dynamics,"SLC-4W, Vandenberg SFB, California, USA",USA,USA,"Wed Mar 11, 1964 20:14 UTC",1964.0,Atlas-LV3 Agena-D | KH-7 Gambit 4006,Success
392,US Air Force,"SLC-1E (75-3-5), Vandenberg SFB, California, USA",USA,USA,"Fri Feb 28, 1964 03:20 UTC",1964.0,Thor-SLV2A Agena-D | OPS 3722,Success
393,RVSN USSR,"Mayak-2, Kapustin Yar, Russia",Russia,USSR,"Thu Feb 27, 1964 13:26 UTC",1964.0,Cosmos-1 (65S3) | Cosmos 25,Success
394,General Dynamics,"SLC-4W, Vandenberg SFB, California, USA",USA,USA,"Tue Feb 25, 1964 18:59 UTC",1964.0,Atlas-LV3 Agena-D | KH-7 Gambit 4005,Success
395,RVSN USSR,"Site 1/5, Baikonur Cosmodrome, Kazakhstan",Kazakhstan,USSR,"Wed Feb 19, 1964 05:47 UTC",1964.0,Molniya | 3MV-1 n°2 (Zond 1),Failure
396,US Air Force,"SLC-1W (75-3-4), Vandenberg SFB, California, USA",USA,USA,"Sat Feb 15, 1964 21:38 UTC",1964.0,Thor-SLV2A Agena-D | OPS 3444,Success
397,General Dynamics,"LC-12, Cape Canaveral SFS, Florida, USA",USA,USA,"Thu Jan 30, 1964 15:49 UTC",1964.0,Atlas-LV3 Agena-B | Ranger 6,Success
398,RVSN USSR,"Site 1/5, Baikonur Cosmodrome, Kazakhstan",Kazakhstan,USSR,"Thu Jan 30, 1964 09:45 UTC",1964.0,Vostok | Elektron 1 & 2,Success
399,NASA,"LC-34, Cape Canaveral SFS, Florida, USA",USA,USA,"Wed Jan 29, 1964 16:25 UTC",1964.0,Saturn I Block II | SA-5,Success
400,US Air Force,"SLC-2E (75-1-1), Vandenberg SFB, California, USA",USA,USA,"Sat Jan 25, 1964 13:59 UTC",1964.0,Thor DM-21 Agena-B | Echo 2,Success
401,US Air Force,"SLC-17B, Cape Canaveral SFS, Florida, USA",USA,USA,"Tue Jan 21, 1964 21:14 UTC",1964.0,Delta B | Relay 2,Success
402,US Air Force,"SLC-2W, Vandenberg SFB, California, USA",USA,USA,"Sun Jan 19, 1964 10:59 UTC",1964.0,Thor DM-21 Agena-D | OPS 3367A & OPS 3367B,Success
403,US Air Force,"SLC-1E (75-3-5), Vandenberg SFB, California, USA",USA,USA,"Sat Jan 11, 1964 20:07 UTC",1964.0,"Thor-SLV2A Agena-D | Poppy 5A-5C, SECOR 1, & Hayloft",Success
404,US Air Force,"SLC-2W, Vandenberg SFB, California, USA",USA,USA,"Sat Dec 21, 1963 21:45 UTC",1963.0,Thor-SLV2A Agena-D | OPS 1388 & Hitchhiker 3,Success
405,US Air Force,"SLC-17B, Cape Canaveral SFS, Florida, USA",USA,USA,"Sat Dec 21, 1963 09:30 UTC",1963.0,Delta B | TIROS-8,Success
406,NASA,"SLC-5, Vandenberg SFB, California, USA",USA,USA,"Thu Dec 19, 1963 18:49 UTC",1963.0,Scout X-4 | Explorer 19 (AD-A),Success
407,RVSN USSR,"Site 1/5, Baikonur Cosmodrome, Kazakhstan",Kazakhstan,USSR,"Thu Dec 19, 1963 09:28 UTC",1963.0,Vostok-2 | Cosmos 24,Success
408,General Dynamics,"SLC-4W, Vandenberg SFB, California, USA",USA,USA,"Wed Dec 18, 1963 21:45 UTC",1963.0,Atlas-LV3 Agena-D | KH-7 Gambit 4004,Success
409,RVSN USSR,"Mayak-2, Kapustin Yar, Russia",Russia,USSR,"Fri Dec 13, 1963 14:15 UTC",1963.0,Cosmos-1 (65S3) | Cosmos 23,Success
410,US Air Force,"SLC-2E (75-1-1), Vandenberg SFB, California, USA",USA,USA,"Thu Dec 05, 1963 21:51 UTC",1963.0,Thor-DSV2A Ablestar | Transit 5BN-2 & Transit 5E-3,Success
411,RVSN USSR,"Site 1/5, Baikonur Cosmodrome, Kazakhstan",Kazakhstan,USSR,"Thu Nov 28, 1963 09:19 UTC",1963.0,Vostok-2 | Zenit-2 n°14,Failure
412,US Air Force,"SLC-3W, Vandenberg SFB, California, USA",USA,USA,"Wed Nov 27, 1963 21:15 UTC",1963.0,Thor DM-21 Agena-D | OPS 2260,Success
413,General Dynamics,"SLC-36A, Cape Canaveral SFS, Florida, USA",USA,USA,"Wed Nov 27, 1963 19:03 UTC",1963.0,Atlas-LV3C Centaur-B | AC-2 (Test Vehicle),Success
414,US Air Force,"SLC-17B, Cape Canaveral SFS, Florida, USA",USA,USA,"Wed Nov 27, 1963 02:30 UTC",1963.0,Delta C | Explorer 18 (IMP-A),Success
415,RVSN USSR,"Site 1/5, Baikonur Cosmodrome, Kazakhstan",Kazakhstan,USSR,"Sat Nov 16, 1963 10:34 UTC",1963.0,Voskhod | Cosmos 22,Success
416,RVSN USSR,"Site 1/5, Baikonur Cosmodrome, Kazakhstan",Kazakhstan,USSR,"Mon Nov 11, 1963 06:23 UTC",1963.0,Molniya | Cosmos 21,Success
417,US Air Force,"SLC-2W, Vandenberg SFB, California, USA",USA,USA,"Sat Nov 09, 1963 20:27 UTC",1963.0,Thor DM-21 Agena-D | OPS 2268,Failure
418,RVSN USSR,"Site 1/5, Baikonur Cosmodrome, Kazakhstan",Kazakhstan,USSR,"Fri Nov 01, 1963 08:56 UTC",1963.0,Polyot | Polyot,Success
419,US Air Force,"SLC-1W (75-3-4), Vandenberg SFB, California, USA",USA,USA,"Tue Oct 29, 1963 21:19 UTC",1963.0,Thor-SLV2A Agena-D | OPS 2437 & Hitchhiker 2,Success
420,General Dynamics,"SLC-4W, Vandenberg SFB, California, USA",USA,USA,"Fri Oct 25, 1963 18:59 UTC",1963.0,Atlas-LV3 Agena-D | KH-7 Gambit 4003,Success
421,RVSN USSR,"Mayak-2, Kapustin Yar, Russia",Russia,USSR,"Thu Oct 24, 1963 04:30 UTC",1963.0,Cosmos-1 (65S3) | DS-A1 n°4,Failure
422,RVSN USSR,"Site 1/5, Baikonur Cosmodrome, Kazakhstan",Kazakhstan,USSR,"Fri Oct 18, 1963 09:29 UTC",1963.0,Vostok-2 | Cosmos 20,Success
423,General Dynamics,"LC-13, Cape Canaveral SFS, Florida, USA",USA,USA,"Thu Oct 17, 1963 02:37 UTC",1963.0,Atlas-LV3 Agena-D | Vela 1A/1B,Success
424,US Air Force,"SLC-2E (75-1-1), Vandenberg SFB, California, USA",USA,USA,"Sat Sep 28, 1963 20:22 UTC",1963.0,Thor-DSV2A Ablestar | Transit 5BN-1 & Transit 5E-1,Success
425,US Air Force,"SLC-5, Vandenberg SFB, California, USA",USA,USA,"Fri Sep 27, 1963 11:17 UTC",1963.0,Scout X-2B | DSAP-1 F5 (Program 35),Failure
426,US Air Force,"SLC-2W, Vandenberg SFB, California, USA",USA,USA,"Mon Sep 23, 1963 23:00 UTC",1963.0,Thor-SLV2A Agena-D | OPS 1353,Success
427,General Dynamics,"SLC-4W, Vandenberg SFB, California, USA",USA,USA,"Fri Sep 06, 1963 19:30 UTC",1963.0,Atlas-LV3 Agena-D | KH-7 Gambit 4002,Success
428,US Air Force,"SLC-1E (75-3-5), Vandenberg SFB, California, USA",USA,USA,"Thu Aug 29, 1963 20:31 UTC",1963.0,Thor DM-21 Agena-D | OPS 1561 & LAMPO,Success
429,US Air Force,"SLC-1W (75-3-4), Vandenberg SFB, California, USA",USA,USA,"Sun Aug 25, 1963 00:29 UTC",1963.0,Thor-SLV2A Agena-D | OPS 1419,Success
430,RVSN USSR,"Mayak-2, Kapustin Yar, Russia",Russia,USSR,"Thu Aug 22, 1963 06:00 UTC",1963.0,Cosmos-1 (65S3) | DS-A1 n°3,Failure
431,RVSN USSR,"Mayak-2, Kapustin Yar, Russia",Russia,USSR,"Tue Aug 06, 1963 06:07 UTC",1963.0,Cosmos-1 (65S3) | Cosmos 19,Success
432,US Air Force,"SLC-2W, Vandenberg SFB, California, USA",USA,USA,"Wed Jul 31, 1963 00:00 UTC",1963.0,Thor-SLV2A Agena-D | OPS 1370,Success
433,US Air Force,"SLC-17A, Cape Canaveral SFS, Florida, USA",USA,USA,"Fri Jul 26, 1963 14:33 UTC",1963.0,Delta B | Syncom 2,Success
434,General Dynamics,"SLC-3E, Vandenberg SFB, California, USA",USA,USA,"Fri Jul 19, 1963 03:51 UTC",1963.0,Atlas-LV3 Agena-B | Midas 9,Success
435,US Air Force,"SLC-2E (75-1-1), Vandenberg SFB, California, USA",USA,USA,"Fri Jul 19, 1963 00:00 UTC",1963.0,Thor DM-21 Agena-D | OPS 1266,Success
436,General Dynamics,"SLC-4W, Vandenberg SFB, California, USA",USA,USA,"Fri Jul 12, 1963 20:45 UTC",1963.0,Atlas-LV3 Agena-D | KH-7 Gambit 4001,Success
437,RVSN USSR,"Site 1/5, Baikonur Cosmodrome, Kazakhstan",Kazakhstan,USSR,"Wed Jul 10, 1963 10:03 UTC",1963.0,Vostok-2 | Zenit-2 n°12,Prelaunch Failure
438,US Air Force,"SLC-1E (75-3-5), Vandenberg SFB, California, USA",USA,USA,"Sat Jun 29, 1963 22:30 UTC",1963.0,Thor-SLV2A Agena-D | OPS 1440,Success
439,US Air Force,"SLC-5, Vandenberg SFB, California, USA",USA,USA,"Fri Jun 28, 1963 21:19 UTC",1963.0,Scout X-4 | CRL-1 (GRS),Success
440,US Air Force,"SLC-2W, Vandenberg SFB, California, USA",USA,USA,"Thu Jun 27, 1963 00:37 UTC",1963.0,Thor-SLV2A Agena-D | OPS 0999 & Hitchhiker 1,Success
441,US Air Force,"SLC-17B, Cape Canaveral SFS, Florida, USA",USA,USA,"Wed Jun 19, 1963 09:50 UTC",1963.0,Delta B | TIROS-7,Success
442,RVSN USSR,"Site 1/5, Baikonur Cosmodrome, Kazakhstan",Kazakhstan,USSR,"Sun Jun 16, 1963 09:29 UTC",1963.0,Vostok | Vostok 6,Success
443,US Air Force,"SLC-5, Vandenberg SFB, California, USA",USA,USA,"Sun Jun 16, 1963 01:49 UTC",1963.0,Scout X-3 | Transit-5A 3,Success
444,US Air Force,"SLC-2E (75-1-1), Vandenberg SFB, California, USA",USA,USA,"Sat Jun 15, 1963 14:29 UTC",1963.0,Thor DM-21 Agena-D | Poppy 4A-4C & Others,Success
445,RVSN USSR,"Site 1/5, Baikonur Cosmodrome, Kazakhstan",Kazakhstan,USSR,"Fri Jun 14, 1963 11:58 UTC",1963.0,Vostok | Vostok 5,Success
446,US Air Force,"SLC-1W (75-3-4), Vandenberg SFB, California, USA",USA,USA,"Wed Jun 12, 1963 23:58 UTC",1963.0,Thor-SLV2A Agena-D | OPS 0954,Success
448,RVSN USSR,"Mayak-2, Kapustin Yar, Russia",Russia,USSR,"Sat Jun 01, 1963 02:50 UTC",1963.0,Cosmos-1 (65S3) | DS-MT n°1,Failure
449,RVSN USSR,"Site 1/5, Baikonur Cosmodrome, Kazakhstan",Kazakhstan,USSR,"Fri May 24, 1963 10:34 UTC",1963.0,Vostok-2 | Cosmos 18,Success
450,RVSN USSR,"Mayak-2, Kapustin Yar, Russia",Russia,USSR,"Wed May 22, 1963 03:00 UTC",1963.0,Cosmos-1 (65S3) | Cosmos 17,Success
451,US Air Force,"SLC-1E (75-3-5), Vandenberg SFB, California, USA",USA,USA,"Sat May 18, 1963 22:21 UTC",1963.0,Thor-SLV2A Agena-D | OPS 0924,Success
452,NASA,"LC-14, Cape Canaveral SFS, Florida, USA",USA,USA,"Wed May 15, 1963 13:04 UTC",1963.0,Atlas-D Mercury | Faith 7 (MA-9),Success
453,General Dynamics,"SLC-3E, Vandenberg SFB, California, USA",USA,USA,"Thu May 09, 1963 20:06 UTC",1963.0,Atlas-LV3 Agena-B | Midas 7,Success
454,US Air Force,"SLC-17B, Cape Canaveral SFS, Florida, USA",USA,USA,"Tue May 07, 1963 11:38 UTC",1963.0,Delta B | Telstar 2,Success
455,RVSN USSR,"Site 1/5, Baikonur Cosmodrome, Kazakhstan",Kazakhstan,USSR,"Sun Apr 28, 1963 08:49 UTC",1963.0,Vostok-2 | Cosmos 16,Success
456,US Air Force,"SLC-2E (75-1-1), Vandenberg SFB, California, USA",USA,USA,"Fri Apr 26, 1963 20:12 UTC",1963.0,Thor DM-21 Agena-D | OPS 1008,Failure
458,RVSN USSR,"Site 1/5, Baikonur Cosmodrome, Kazakhstan",Kazakhstan,USSR,"Mon Apr 22, 1963 08:30 UTC",1963.0,Vostok-2 | Cosmos 15,Success
459,RVSN USSR,"Mayak-2, Kapustin Yar, Russia",Russia,USSR,"Sat Apr 13, 1963 11:00 UTC",1963.0,Cosmos-1 (65S3) | Cosmos 14,Success
460,RVSN USSR,"Mayak-2, Kapustin Yar, Russia",Russia,USSR,"Sat Apr 06, 1963 03:01 UTC",1963.0,Cosmos-1 (65S3) | DS-P1 n°2,Failure
461,US Air Force,"SLC-5, Vandenberg SFB, California, USA",USA,USA,"Fri Apr 05, 1963 03:01 UTC",1963.0,Scout X-3 | Transit-5A 2,Failure
462,US Air Force,"SLC-17A, Cape Canaveral SFS, Florida, USA",USA,USA,"Wed Apr 03, 1963 02:00 UTC",1963.0,Delta B | Explorer 17 (AE-A),Success
463,RVSN USSR,"Site 1/5, Baikonur Cosmodrome, Kazakhstan",Kazakhstan,USSR,"Tue Apr 02, 1963 08:16 UTC",1963.0,Molniya | Luna 4,Success
464,US Air Force,"SLC-1E (75-3-5), Vandenberg SFB, California, USA",USA,USA,"Mon Apr 01, 1963 23:01 UTC",1963.0,Thor DM-21 Agena-D | KH-4 20,Success
465,NASA,"LC-34, Cape Canaveral SFS, Florida, USA",USA,USA,"Thu Mar 28, 1963 21:11 UTC",1963.0,Saturn I Block I | SA-4,Success
466,RVSN USSR,"Site 1/5, Baikonur Cosmodrome, Kazakhstan",Kazakhstan,USSR,"Thu Mar 21, 1963 08:30 UTC",1963.0,Vostok-2 | Cosmos 13,Success
467,US Air Force,"SLC-1W (75-3-4), Vandenberg SFB, California, USA",USA,USA,"Mon Mar 18, 1963 21:13 UTC",1963.0,Thor-SLV2A Agena-D | OPS 0627,Failure
468,US Air Force,"SLC-1E (75-3-5), Vandenberg SFB, California, USA",USA,USA,"Thu Feb 28, 1963 21:48 UTC",1963.0,Thor-SLV2A Agena-D | OPS 0583,Failure
469,US Air Force,"SLC-5, Vandenberg SFB, California, USA",USA,USA,"Tue Feb 19, 1963 16:33 UTC",1963.0,Scout X-3M | DSAP-1 F3 (Program 35),Success
470,US Air Force,"SLC-17B, Cape Canaveral SFS, Florida, USA",USA,USA,"Thu Feb 14, 1963 05:35 UTC",1963.0,Delta B | Syncom 1,Success
471,RVSN USSR,"Site 1/5, Baikonur Cosmodrome, Kazakhstan",Kazakhstan,USSR,"Sun Feb 03, 1963 09:29 UTC",1963.0,Molniya | E-6 n°2 (Luna 4),Failure
472,US Air Force,"SLC-1E (75-3-5), Vandenberg SFB, California, USA",USA,USA,"Wed Jan 16, 1963 21:59 UTC",1963.0,Thor DM-21 Agena-B | OPS 0180,Success
473,US Air Force,"SLC-2E (75-1-1), Vandenberg SFB, California, USA",USA,USA,"Mon Jan 07, 1963 21:09 UTC",1963.0,Thor DM-21 Agena-D | OPS 0048,Success
474,RVSN USSR,"Site 1/5, Baikonur Cosmodrome, Kazakhstan",Kazakhstan,USSR,"Fri Jan 04, 1963 08:49 UTC",1963.0,Molniya | E-6 n°1 (Luna 4),Failure
475,RVSN USSR,"Site 1/5, Baikonur Cosmodrome, Kazakhstan",Kazakhstan,USSR,"Sat Dec 22, 1962 09:24 UTC",1962.0,Vostok-2 | Cosmos 12,Success
476,US Air Force,"SLC-5, Vandenberg SFB, California, USA",USA,USA,"Wed Dec 19, 1962 01:25 UTC",1962.0,Scout X-3 | Transit-5A 1,Success
477,General Dynamics,"SLC-3E, Vandenberg SFB, California, USA",USA,USA,"Mon Dec 17, 1962 20:36 UTC",1962.0,Atlas-LV3 Agena-B | Midas 6,Failure
478,NASA,"LA-3, Wallops Flight Facility, Virginia, USA",USA,USA,"Sun Dec 16, 1962 14:33 UTC",1962.0,Scout X-3 | Explorer 16 (S-55B),Success
479,US Air Force,"SLC-1E (75-3-5), Vandenberg SFB, California, USA",USA,USA,"Fri Dec 14, 1962 21:26 UTC",1962.0,Thor DM-21 Agena-D | FTV 1156,Success
480,US Air Force,"SLC-17A, Cape Canaveral SFS, Florida, USA",USA,USA,"Thu Dec 13, 1962 23:30 UTC",1962.0,Delta B | Relay 1,Success
481,US Air Force,"SLC-2E (75-1-1), Vandenberg SFB, California, USA",USA,USA,"Thu Dec 13, 1962 04:07 UTC",1962.0,Thor DM-21 Agena-D | Injun 3 & Others,Success
482,US Air Force,"SLC-2E (75-1-1), Vandenberg SFB, California, USA",USA,USA,"Tue Dec 04, 1962 21:30 UTC",1962.0,Thor DM-21 Agena-D | FTV 1155,Success
483,US Air Force,"SLC-1W (75-3-4), Vandenberg SFB, California, USA",USA,USA,"Sat Nov 24, 1962 22:00 UTC",1962.0,Thor DM-21 Agena-B | FTV 1135,Success
484,NASA,"LC-34, Cape Canaveral SFS, Florida, USA",USA,USA,"Fri Nov 16, 1962 16:45 UTC",1962.0,Saturn I Block I | SA-3,Success
485,General Dynamics,"SLC-3W, Vandenberg SFB, California, USA",USA,USA,"Sun Nov 11, 1962 20:17 UTC",1962.0,Atlas-LV3 Agena-B | Samos 11,Success
486,US Air Force,"SLC-1W (75-3-4), Vandenberg SFB, California, USA",USA,USA,"Mon Nov 05, 1962 22:04 UTC",1962.0,Thor DM-21 Agena-B | FTV 1136,Success
487,RVSN USSR,"Site 1/5, Baikonur Cosmodrome, Kazakhstan",Kazakhstan,USSR,"Sun Nov 04, 1962 15:35 UTC",1962.0,Molniya | 2MV-3 n°1 (Mars 2),Failure
488,RVSN USSR,"Site 1/5, Baikonur Cosmodrome, Kazakhstan",Kazakhstan,USSR,"Thu Nov 01, 1962 16:14 UTC",1962.0,Molniya | Mars 1,Success
489,US Air Force,"SLC-17A, Cape Canaveral SFS, Florida, USA",USA,USA,"Wed Oct 31, 1962 08:08 UTC",1962.0,Thor-DM21 Ablestar | ANNA 1B,Success
490,US Air Force,"SLC-17B, Cape Canaveral SFS, Florida, USA",USA,USA,"Sat Oct 27, 1962 23:15 UTC",1962.0,Delta A | Explorer 15 (EPE-C),Success
491,US Air Force,"SLC-2W, Vandenberg SFB, California, USA",USA,USA,"Fri Oct 26, 1962 16:14 UTC",1962.0,Thor DM-21 Agena-D | STARAD,Success
492,RVSN USSR,"Mayak-2, Kapustin Yar, Russia",Russia,USSR,"Thu Oct 25, 1962 07:00 UTC",1962.0,Cosmos-1 (65S3) | 1MS n°2,Failure
493,RVSN USSR,"Site 1/5, Baikonur Cosmodrome, Kazakhstan",Kazakhstan,USSR,"Wed Oct 24, 1962 17:55 UTC",1962.0,Molniya | 2MV-4 n°1 (Mars 1),Failure
494,RVSN USSR,"Mayak-2, Kapustin Yar, Russia",Russia,USSR,"Sat Oct 20, 1962 04:00 UTC",1962.0,Cosmos-1 (65S3) | Cosmos 11,Success
495,General Dynamics,"LC-12, Cape Canaveral SFS, Florida, USA",USA,USA,"Thu Oct 18, 1962 16:59 UTC",1962.0,Atlas-LV3 Agena-B | Ranger 5,Success
496,RVSN USSR,"Site 1/5, Baikonur Cosmodrome, Kazakhstan",Kazakhstan,USSR,"Wed Oct 17, 1962 09:00 UTC",1962.0,Vostok-2 | Cosmos 10,Success
497,US Air Force,"SLC-1W (75-3-4), Vandenberg SFB, California, USA",USA,USA,"Tue Oct 09, 1962 18:35 UTC",1962.0,Thor DM-21 Agena-B | FTV 1134,Success
498,NASA,"LC-14, Cape Canaveral SFS, Florida, USA",USA,USA,"Wed Oct 03, 1962 12:15 UTC",1962.0,Atlas-D Mercury | Sigma 7 (MA-8),Success
499,US Air Force,"SLC-17B, Cape Canaveral SFS, Florida, USA",USA,USA,"Tue Oct 02, 1962 22:11 UTC",1962.0,Delta A | Explorer 14 (EPE-B),Success
500,US Air Force,"SLC-2W, Vandenberg SFB, California, USA",USA,USA,"Sat Sep 29, 1962 23:34 UTC",1962.0,Thor DM-21 Agena-D | FTV 1154,Success
501,US Air Force,"SLC-2E (75-1-1), Vandenberg SFB, California, USA",USA,USA,"Sat Sep 29, 1962 06:05 UTC",1962.0,Thor DM-21 Agena-B | Alouette 1 & TAVE,Success
502,RVSN USSR,"Site 1/5, Baikonur Cosmodrome, Kazakhstan",Kazakhstan,USSR,"Thu Sep 27, 1962 09:39 UTC",1962.0,Vostok-2 | Cosmos 9,Success
503,US Air Force,"SLC-17A, Cape Canaveral SFS, Florida, USA",USA,USA,"Tue Sep 18, 1962 08:53 UTC",1962.0,Thor DM-19 Delta | TIROS-6,Success
504,US Air Force,"SLC-1W (75-3-4), Vandenberg SFB, California, USA",USA,USA,"Mon Sep 17, 1962 23:46 UTC",1962.0,Thor DM-21 Agena-B | FTV 1133 & ERS-2,Success
505,RVSN USSR,"Site 1/5, Baikonur Cosmodrome, Kazakhstan",Kazakhstan,USSR,"Wed Sep 12, 1962 00:59 UTC",1962.0,Molniya | 2MV-2 n°1 (Venera 2),Failure
506,US Air Force,"SLC-1E (75-3-5), Vandenberg SFB, California, USA",USA,USA,"Sat Sep 01, 1962 20:39 UTC",1962.0,Thor DM-21 Agena-B | FTV 1132,Success
507,RVSN USSR,"Site 1/5, Baikonur Cosmodrome, Kazakhstan",Kazakhstan,USSR,"Sat Sep 01, 1962 02:12 UTC",1962.0,Molniya | 2MV-1 n°2 (Venera 2),Failure
508,US Air Force,"SLC-2W, Vandenberg SFB, California, USA",USA,USA,"Wed Aug 29, 1962 01:00 UTC",1962.0,Thor DM-21 Agena-D | FTV 1153,Success
509,General Dynamics,"LC-12, Cape Canaveral SFS, Florida, USA",USA,USA,"Mon Aug 27, 1962 06:53 UTC",1962.0,Atlas-LV3 Agena-B | Mariner 2,Success
510,RVSN USSR,"Site 1/5, Baikonur Cosmodrome, Kazakhstan",Kazakhstan,USSR,"Sat Aug 25, 1962 02:18 UTC",1962.0,Molniya | 2MV-1 n°1 (Venera 2),Failure
511,US Air Force,"SLC-5, Vandenberg SFB, California, USA",USA,USA,"Thu Aug 23, 1962 11:44 UTC",1962.0,Scout X-2M | DSAP-1 F2 (Program 35),Success
512,RVSN USSR,"Mayak-2, Kapustin Yar, Russia",Russia,USSR,"Sat Aug 18, 1962 15:00 UTC",1962.0,Cosmos-1 (65S3) | Cosmos 8,Success
513,RVSN USSR,"Site 1/5, Baikonur Cosmodrome, Kazakhstan",Kazakhstan,USSR,"Sun Aug 12, 1962 08:02 UTC",1962.0,Vostok | Vostok 4,Success
514,RVSN USSR,"Site 1/5, Baikonur Cosmodrome, Kazakhstan",Kazakhstan,USSR,"Sat Aug 11, 1962 08:30 UTC",1962.0,Vostok | Vostok 3,Success
515,General Dynamics,"SLC-3W, Vandenberg SFB, California, USA",USA,USA,"Sun Aug 05, 1962 17:58 UTC",1962.0,Atlas-LV3 Agena-B | Samos 10,Success
516,US Air Force,"SLC-2E (75-1-1), Vandenberg SFB, California, USA",USA,USA,"Thu Aug 02, 1962 00:17 UTC",1962.0,Thor DM-21 Agena-D | FTV 1152,Success
517,RVSN USSR,"Site 1/5, Baikonur Cosmodrome, Kazakhstan",Kazakhstan,USSR,"Sat Jul 28, 1962 09:18 UTC",1962.0,Vostok-2 | Cosmos 7,Success
518,US Air Force,"SLC-1W (75-3-4), Vandenberg SFB, California, USA",USA,USA,"Sat Jul 28, 1962 00:30 UTC",1962.0,Thor DM-21 Agena-B | FTV 1131,Success
519,General Dynamics,"LC-12, Cape Canaveral SFS, Florida, USA",USA,USA,"Sun Jul 22, 1962 09:21 UTC",1962.0,Atlas-LV3 Agena-B | Mariner 1,Failure
520,US Air Force,"SLC-1E (75-3-5), Vandenberg SFB, California, USA",USA,USA,"Sat Jul 21, 1962 00:56 UTC",1962.0,Thor DM-21 Agena-B | FTV 1130,Success
521,General Dynamics,"SLC-3W, Vandenberg SFB, California, USA",USA,USA,"Wed Jul 18, 1962 20:51 UTC",1962.0,Atlas-LV3 Agena-B | Samos 9,Success
522,US Air Force,"SLC-17B, Cape Canaveral SFS, Florida, USA",USA,USA,"Tue Jul 10, 1962 08:35 UTC",1962.0,Thor DM-19 Delta | Telstar 1,Success
523,RVSN USSR,"Mayak-2, Kapustin Yar, Russia",Russia,USSR,"Sat Jun 30, 1962 16:00 UTC",1962.0,Cosmos-1 (65S3) | Cosmos 6,Success
524,US Air Force,"SLC-2E (75-1-1), Vandenberg SFB, California, USA",USA,USA,"Thu Jun 28, 1962 01:09 UTC",1962.0,Thor DM-21 Agena-D | FTV 1151,Success
525,US Air Force,"SLC-1W (75-3-4), Vandenberg SFB, California, USA",USA,USA,"Sat Jun 23, 1962 00:30 UTC",1962.0,Thor DM-21 Agena-B | FTV 1129,Success
526,US Air Force,"SLC-17A, Cape Canaveral SFS, Florida, USA",USA,USA,"Tue Jun 19, 1962 12:19 UTC",1962.0,Thor DM-19 Delta | TIROS-5,Success
527,US Air Force,"SLC-1E (75-3-5), Vandenberg SFB, California, USA",USA,USA,"Mon Jun 18, 1962 20:20 UTC",1962.0,Thor DM-21 Agena-B | FTV 2312,Success
528,General Dynamics,"SLC-3W, Vandenberg SFB, California, USA",USA,USA,"Sun Jun 17, 1962 18:14 UTC",1962.0,Atlas-LV3 Agena-B | Samos 8,Success
529,US Air Force,"SLC-1W (75-3-4), Vandenberg SFB, California, USA",USA,USA,"Sat Jun 02, 1962 00:31 UTC",1962.0,Thor-DM18 Agena-A | FTV 1127 & Oscar 2,Success
530,RVSN USSR,"Site 1/5, Baikonur Cosmodrome, Kazakhstan",Kazakhstan,USSR,"Fri Jun 01, 1962 09:37 UTC",1962.0,Vostok-2 | Zenit-2 n°3,Failure
531,US Air Force,"SLC-2E (75-1-1), Vandenberg SFB, California, USA",USA,USA,"Wed May 30, 1962 01:00 UTC",1962.0,Thor DM-21 Agena-B | FTV 1128,Success
532,RVSN USSR,"Mayak-2, Kapustin Yar, Russia",Russia,USSR,"Mon May 28, 1962 03:00 UTC",1962.0,Cosmos-1 (65S3) | Cosmos 5,Success
533,NASA,"LC-14, Cape Canaveral SFS, Florida, USA",USA,USA,"Thu May 24, 1962 12:45 UTC",1962.0,Atlas-D Mercury | Aurora 7 (MA-7),Success
534,US Air Force,"SLC-5, Vandenberg SFB, California, USA",USA,USA,"Thu May 24, 1962 10:49 UTC",1962.0,Scout X-2M | DSAP-1 F1 (Program 35),Failure
535,US Air Force,"SLC-1E (75-3-5), Vandenberg SFB, California, USA",USA,USA,"Tue May 15, 1962 19:36 UTC",1962.0,Thor DM-21 Agena-B | FTV 1126,Success
536,US Air Force,"SLC-17B, Cape Canaveral SFS, Florida, USA",USA,USA,"Thu May 10, 1962 12:06 UTC",1962.0,Thor-DM21 Ablestar | ANNA 1A,Failure
537,General Dynamics,"SLC-36A, Cape Canaveral SFS, Florida, USA",USA,USA,"Tue May 08, 1962 19:49 UTC",1962.0,Atlas-LV3C Centaur-A | AC-1 (Test Vehicle),Failure
538,US Air Force,"SLC-1W (75-3-4), Vandenberg SFB, California, USA",USA,USA,"Sun Apr 29, 1962 00:30 UTC",1962.0,Thor DM-21 Agena-B | FTV 1125,Success
539,General Dynamics,"SLC-3W, Vandenberg SFB, California, USA",USA,USA,"Thu Apr 26, 1962 18:56 UTC",1962.0,Atlas-LV3 Agena-B | Samos 7,Success
540,US Air Force,"SLC-17A, Cape Canaveral SFS, Florida, USA",USA,USA,"Thu Apr 26, 1962 18:00 UTC",1962.0,Thor DM-19 Delta | Ariel 1,Success
541,NASA,"LA-3, Wallops Flight Facility, Virginia, USA",USA,USA,"Thu Apr 26, 1962 10:49 UTC",1962.0,Scout X-2 | Solrad 4B,Failure
542,RVSN USSR,"Site 1/5, Baikonur Cosmodrome, Kazakhstan",Kazakhstan,USSR,"Thu Apr 26, 1962 10:02 UTC",1962.0,Vostok | Cosmos 4,Success
543,NASA,"LC-34, Cape Canaveral SFS, Florida, USA",USA,USA,"Wed Apr 25, 1962 13:00 UTC",1962.0,Saturn I Block I | SA-2,Success
544,RVSN USSR,"Mayak-2, Kapustin Yar, Russia",Russia,USSR,"Tue Apr 24, 1962 04:00 UTC",1962.0,Cosmos-1 (65S3) | Cosmos 3,Success
545,General Dynamics,"LC-12, Cape Canaveral SFS, Florida, USA",USA,USA,"Mon Apr 23, 1962 20:50 UTC",1962.0,Atlas-LV3 Agena-B | Ranger 4,Success
546,US Air Force,"SLC-1E (75-3-5), Vandenberg SFB, California, USA",USA,USA,"Wed Apr 18, 1962 00:53 UTC",1962.0,Thor DM-21 Agena-B | Discoverer 39,Success
547,General Dynamics,"SLC-3E, Vandenberg SFB, California, USA",USA,USA,"Mon Apr 09, 1962 15:04 UTC",1962.0,Atlas-LV3 Agena-B | Midas 5,Success
548,RVSN USSR,"Mayak-2, Kapustin Yar, Russia",Russia,USSR,"Fri Apr 06, 1962 17:15 UTC",1962.0,Cosmos-1 (65S3) | Cosmos 2,Success
549,RVSN USSR,"Mayak-2, Kapustin Yar, Russia",Russia,USSR,"Fri Mar 16, 1962 11:59 UTC",1962.0,Cosmos-1 (65S3) | Cosmos 1,Success
550,General Dynamics,"SLC-3E, Vandenberg SFB, California, USA",USA,USA,"Wed Mar 07, 1962 22:10 UTC",1962.0,Atlas-LV3 Agena-B | Samos 6,Success
551,US Air Force,"SLC-17A, Cape Canaveral SFS, Florida, USA",USA,USA,"Wed Mar 07, 1962 16:06 UTC",1962.0,Thor DM-19 Delta | OSO-1,Success
552,US Air Force,"SLC-1W (75-3-4), Vandenberg SFB, California, USA",USA,USA,"Tue Feb 27, 1962 19:39 UTC",1962.0,Thor DM-21 Agena-B | Discoverer 38,Success
553,US Air Force,"SLC-1E (75-3-5), Vandenberg SFB, California, USA",USA,USA,"Wed Feb 21, 1962 18:44 UTC",1962.0,Thor DM-21 Agena-B | FTV 2301,Partial Failure
554,NASA,"LC-14, Cape Canaveral SFS, Florida, USA",USA,USA,"Tue Feb 20, 1962 14:47 UTC",1962.0,Atlas-D Mercury | Friendship 7 (MA-6),Success
555,US Air Force,"SLC-17A, Cape Canaveral SFS, Florida, USA",USA,USA,"Thu Feb 08, 1962 12:43 UTC",1962.0,Thor DM-19 Delta | TIROS-4,Success
556,General Dynamics,"LC-12, Cape Canaveral SFS, Florida, USA",USA,USA,"Fri Jan 26, 1962 20:30 UTC",1962.0,Atlas-LV3 Agena-B | Ranger 3,Partial Failure
557,US Air Force,"SLC-17B, Cape Canaveral SFS, Florida, USA",USA,USA,"Wed Jan 24, 1962 09:30 UTC",1962.0,Thor-DM21 Ablestar | LOFTI-2A & Others,Failure
558,US Air Force,"SLC-1W (75-3-4), Vandenberg SFB, California, USA",USA,USA,"Sat Jan 13, 1962 21:41 UTC",1962.0,Thor DM-21 Agena-B | Discoverer 37,Failure
559,General Dynamics,"SLC-3E, Vandenberg SFB, California, USA",USA,USA,"Fri Dec 22, 1961 19:12 UTC",1961.0,Atlas-LV3 Agena-B | Samos 5,Partial Failure
560,RVSN USSR,"Mayak-2, Kapustin Yar, Russia",Russia,USSR,"Thu Dec 21, 1961 12:30 UTC",1961.0,Cosmos-1 (65S3) | DS-1 n°2,Failure
561,US Air Force,"SLC-1W (75-3-4), Vandenberg SFB, California, USA",USA,USA,"Tue Dec 12, 1961 20:40 UTC",1961.0,Thor DM-21 Agena-B | Discoverer 36 & Oscar 1,Success
562,RVSN USSR,"Site 1/5, Baikonur Cosmodrome, Kazakhstan",Kazakhstan,USSR,"Mon Dec 11, 1961 09:39 UTC",1961.0,Vostok | Zenit-2 n°1,Failure
563,NASA,"LC-14, Cape Canaveral SFS, Florida, USA",USA,USA,"Wed Nov 29, 1961 15:07 UTC",1961.0,Atlas-D Mercury | Mercury-Atlas 5 (MA-5),Success
564,General Dynamics,"SLC-3W, Vandenberg SFB, California, USA",USA,USA,"Wed Nov 22, 1961 20:45 UTC",1961.0,Atlas-LV3 Agena-B | Samos 4,Failure
565,General Dynamics,"LC-12, Cape Canaveral SFS, Florida, USA",USA,USA,"Sat Nov 18, 1961 08:12 UTC",1961.0,Atlas-LV3 Agena-B | Ranger 2,Failure
566,US Air Force,"SLC-17B, Cape Canaveral SFS, Florida, USA",USA,USA,"Wed Nov 15, 1961 22:26 UTC",1961.0,Thor-DM21 Ablestar | Transit 4B & TRAAC,Success
567,US Air Force,"SLC-1W (75-3-4), Vandenberg SFB, California, USA",USA,USA,"Wed Nov 15, 1961 21:22 UTC",1961.0,Thor DM-21 Agena-B | Discoverer 35,Success
568,US Air Force,"SLC-2E (75-1-1), Vandenberg SFB, California, USA",USA,USA,"Sun Nov 05, 1961 20:00 UTC",1961.0,Thor DM-21 Agena-B | Discoverer 34,Failure
569,NASA,"LC-18B, Cape Canaveral SFS, Florida, USA",USA,USA,"Wed Nov 01, 1961 15:32 UTC",1961.0,Blue Scout II | Mercury-Scout 1,Failure
570,RVSN USSR,"Mayak-2, Kapustin Yar, Russia",Russia,USSR,"Fri Oct 27, 1961 16:30 UTC",1961.0,Cosmos-1 (65S3) | DS-1 n°1,Failure
571,NASA,"LC-34, Cape Canaveral SFS, Florida, USA",USA,USA,"Fri Oct 27, 1961 14:06 UTC",1961.0,Saturn I Block I | SA-1,Success
572,US Air Force,"SLC-1E (75-3-5), Vandenberg SFB, California, USA",USA,USA,"Mon Oct 23, 1961 19:23 UTC",1961.0,Thor DM-21 Agena-B | Discoverer 33,Failure
573,General Dynamics,"SLC-3E, Vandenberg SFB, California, USA",USA,USA,"Sat Oct 21, 1961 13:53 UTC",1961.0,Atlas-LV3 Agena-B | Midas 4,Partial Failure
574,US Air Force,"SLC-1W (75-3-4), Vandenberg SFB, California, USA",USA,USA,"Fri Oct 13, 1961 19:22 UTC",1961.0,Thor DM-21 Agena-B | Discoverer 32,Success
575,US Air Force,"SLC-2E (75-1-1), Vandenberg SFB, California, USA",USA,USA,"Sun Sep 17, 1961 21:00 UTC",1961.0,Thor DM-21 Agena-B | Discoverer 31,Success
576,NASA,"LC-14, Cape Canaveral SFS, Florida, USA",USA,USA,"Wed Sep 13, 1961 14:04 UTC",1961.0,Atlas-D Mercury | Mercury-Atlas 4 (MA-4),Success
577,US Air Force,"SLC-1E (75-3-5), Vandenberg SFB, California, USA",USA,USA,"Tue Sep 12, 1961 19:59 UTC",1961.0,Thor DM-21 Agena-B | Discoverer 30,Success
578,General Dynamics,"SLC-3W, Vandenberg SFB, California, USA",USA,USA,"Sat Sep 09, 1961 19:28 UTC",1961.0,Atlas-LV3 Agena-B | Samos 3,Failure
579,US Air Force,"SLC-1W (75-3-4), Vandenberg SFB, California, USA",USA,USA,"Wed Aug 30, 1961 20:00 UTC",1961.0,Thor DM-21 Agena-B | Discoverer 29,Success
580,NASA,"LA-3, Wallops Flight Facility, Virginia, USA",USA,USA,"Fri Aug 25, 1961 18:29 UTC",1961.0,Scout X-1 | Explorer 13 (S55A),Partial Failure
581,General Dynamics,"LC-12, Cape Canaveral SFS, Florida, USA",USA,USA,"Wed Aug 23, 1961 10:04 UTC",1961.0,Atlas-LV3 Agena-B | Ranger 1,Failure
582,US Air Force,"SLC-17A, Cape Canaveral SFS, Florida, USA",USA,USA,"Wed Aug 16, 1961 03:21 UTC",1961.0,Thor DM-19 Delta | Explorer 12 (EPE-A),Success
583,RVSN USSR,"Site 1/5, Baikonur Cosmodrome, Kazakhstan",Kazakhstan,USSR,"Sun Aug 06, 1961 06:00 UTC",1961.0,Vostok | Vostok 2,Success
584,US Air Force,"SLC-2E (75-1-1), Vandenberg SFB, California, USA",USA,USA,"Fri Aug 04, 1961 00:01 UTC",1961.0,Thor DM-21 Agena-B | Discoverer 28,Failure
585,US Air Force,"SLC-1W (75-3-4), Vandenberg SFB, California, USA",USA,USA,"Fri Jul 21, 1961 22:35 UTC",1961.0,Thor DM-21 Agena-B | Discoverer 27,Failure
586,NASA,"LC-5, Cape Canaveral SFS, Florida, USA",USA,USA,"Fri Jul 21, 1961 12:36 UTC",1961.0,Mercury-Redstone | Liberty Bell 7 (MR-4),Success
587,General Dynamics,"SLC-3E, Vandenberg SFB, California, USA",USA,USA,"Wed Jul 12, 1961 15:11 UTC",1961.0,Atlas-LV3 Agena-B | Midas 3,Success
588,US Air Force,"SLC-17A, Cape Canaveral SFS, Florida, USA",USA,USA,"Wed Jul 12, 1961 10:25 UTC",1961.0,Thor DM-19 Delta | TIROS-3,Success
589,US Air Force,"SLC-1E (75-3-5), Vandenberg SFB, California, USA",USA,USA,"Fri Jul 07, 1961 23:29 UTC",1961.0,Thor DM-21 Agena-B | Discoverer 26,Success
590,NASA,"LA-3, Wallops Flight Facility, Virginia, USA",USA,USA,"Fri Jun 30, 1961 17:09 UTC",1961.0,Scout X-1 | Explorer (S-55),Failure
591,US Air Force,"SLC-17B, Cape Canaveral SFS, Florida, USA",USA,USA,"Thu Jun 29, 1961 04:23 UTC",1961.0,"Thor-DM21 Ablestar | Transit 4A, Injun 1 & GRAB-3",Success
592,US Air Force,"SLC-2E (75-1-1), Vandenberg SFB, California, USA",USA,USA,"Fri Jun 16, 1961 23:02 UTC",1961.0,Thor DM-21 Agena-B | Discoverer 25,Success
593,US Air Force,"SLC-1W (75-3-4), Vandenberg SFB, California, USA",USA,USA,"Thu Jun 08, 1961 21:16 UTC",1961.0,Thor DM-21 Agena-B | Discoverer 24,Failure
594,ABMA,"LC-26B, Cape Canaveral SFS, Florida, USA",USA,USA,"Wed May 24, 1961 19:48 UTC",1961.0,Juno II | Explorer 12a,Failure
595,NASA,"LC-5, Cape Canaveral SFS, Florida, USA",USA,USA,"Fri May 05, 1961 14:34 UTC",1961.0,Mercury-Redstone | Freedom 7 (MR-3),Success
596,ABMA,"LC-26B, Cape Canaveral SFS, Florida, USA",USA,USA,"Thu Apr 27, 1961 14:16 UTC",1961.0,Juno II | Explorer 11 (S 15),Success
597,NASA,"LC-14, Cape Canaveral SFS, Florida, USA",USA,USA,"Tue Apr 25, 1961 16:15 UTC",1961.0,Atlas-D Mercury | Mercury-Atlas 3 (MA-3),Failure
598,RVSN USSR,"Site 1/5, Baikonur Cosmodrome, Kazakhstan",Kazakhstan,USSR,"Wed Apr 12, 1961 06:07 UTC",1961.0,Vostok | Vostok 1,Success
599,US Air Force,"SLC-1E (75-3-5), Vandenberg SFB, California, USA",USA,USA,"Sat Apr 08, 1961 19:21 UTC",1961.0,Thor DM-21 Agena-B | Discoverer 23,Success
600,US Air Force,"SLC-1W (75-3-4), Vandenberg SFB, California, USA",USA,USA,"Thu Mar 30, 1961 20:34 UTC",1961.0,Thor DM-21 Agena-B | Discoverer 22,Failure
601,US Air Force,"SLC-17A, Cape Canaveral SFS, Florida, USA",USA,USA,"Sat Mar 25, 1961 15:17 UTC",1961.0,Thor DM-19 Delta | Explorer 10 (P 14),Success
602,RVSN USSR,"Site 1/5, Baikonur Cosmodrome, Kazakhstan",Kazakhstan,USSR,"Sat Mar 25, 1961 05:54 UTC",1961.0,Vostok | Korabl-Sputnik 5,Success
603,NASA,"LC-5, Cape Canaveral SFS, Florida, USA",USA,USA,"Fri Mar 24, 1961 17:30 UTC",1961.0,Mercury-Redstone | Mercury-Redstone BD (MR-BD),Success
604,RVSN USSR,"Site 1/5, Baikonur Cosmodrome, Kazakhstan",Kazakhstan,USSR,"Thu Mar 09, 1961 06:29 UTC",1961.0,Vostok | Korabl-Sputnik 4,Success
605,ABMA,"LC-26B, Cape Canaveral SFS, Florida, USA",USA,USA,"Sat Feb 25, 1961 00:13 UTC",1961.0,Juno II | Explorer 10a,Failure
606,US Air Force,"SLC-17B, Cape Canaveral SFS, Florida, USA",USA,USA,"Wed Feb 22, 1961 03:45 UTC",1961.0,Thor-DM21 Ablestar | Transit 3B & Lofti 1,Success
607,NASA,"LC-14, Cape Canaveral SFS, Florida, USA",USA,USA,"Tue Feb 21, 1961 14:12 UTC",1961.0,Atlas-D Mercury | Mercury-Atlas 2 (MA-2),Success
608,US Air Force,"SLC-1E (75-3-5), Vandenberg SFB, California, USA",USA,USA,"Sat Feb 18, 1961 22:57 UTC",1961.0,Thor DM-21 Agena-B | Discoverer 21,Success
609,US Air Force,"SLC-1W (75-3-4), Vandenberg SFB, California, USA",USA,USA,"Fri Feb 17, 1961 20:25 UTC",1961.0,Thor DM-21 Agena-B | Discoverer 20,Success
610,NASA,"LA-3, Wallops Flight Facility, Virginia, USA",USA,USA,"Thu Feb 16, 1961 13:05 UTC",1961.0,Scout X-1 | Explorer 9 (S-56A),Success
611,RVSN USSR,"Site 1/5, Baikonur Cosmodrome, Kazakhstan",Kazakhstan,USSR,"Sun Feb 12, 1961 00:34 UTC",1961.0,Molniya | Venera 1,Success
612,RVSN USSR,"Site 1/5, Baikonur Cosmodrome, Kazakhstan",Kazakhstan,USSR,"Sat Feb 04, 1961 01:18 UTC",1961.0,Molniya | 1VA n°1 (Venera 1),Failure
613,General Dynamics,"SLC-3W, Vandenberg SFB, California, USA",USA,USA,"Tue Jan 31, 1961 20:21 UTC",1961.0,Atlas-LV3 Agena-A | Samos 2,Success
614,NASA,"LC-5, Cape Canaveral SFS, Florida, USA",USA,USA,"Tue Jan 31, 1961 16:55 UTC",1961.0,Mercury-Redstone | Mercury-Redstone 2 (MR-2),Success
615,RVSN USSR,"Site 1/5, Baikonur Cosmodrome, Kazakhstan",Kazakhstan,USSR,"Thu Dec 22, 1960 07:45 UTC",1960.0,Vostok | 1K n°5 (Korabl-Sputnik 3),Failure
616,US Air Force,"SLC-1E (75-3-5), Vandenberg SFB, California, USA",USA,USA,"Tue Dec 20, 1960 20:32 UTC",1960.0,Thor DM-21 Agena-B | Discoverer 19,Success
617,NASA,"LC-5, Cape Canaveral SFS, Florida, USA",USA,USA,"Mon Dec 19, 1960 16:15 UTC",1960.0,Mercury-Redstone | Mercury-Redstone 1A (MR-1A),Success
618,General Dynamics,"LC-12, Cape Canaveral SFS, Florida, USA",USA,USA,"Thu Dec 15, 1960 09:10 UTC",1960.0,Atlas-D Able | Pioneer P-31,Failure
619,US Air Force,"SLC-1W (75-3-4), Vandenberg SFB, California, USA",USA,USA,"Wed Dec 07, 1960 20:20 UTC",1960.0,Thor DM-21 Agena-B | Discoverer 18,Success
620,NASA,"LA-3, Wallops Flight Facility, Virginia, USA",USA,USA,"Sun Dec 04, 1960 21:14 UTC",1960.0,Scout X-1 | Explorer (S-56),Failure
621,RVSN USSR,"Site 1/5, Baikonur Cosmodrome, Kazakhstan",Kazakhstan,USSR,"Thu Dec 01, 1960 07:30 UTC",1960.0,Vostok | Korabl-Sputnik 3,Success
622,US Air Force,"SLC-17B, Cape Canaveral SFS, Florida, USA",USA,USA,"Wed Nov 30, 1960 19:50 UTC",1960.0,Thor-DM21 Ablestar | Transit 3A & GRAB-2,Failure
623,US Air Force,"SLC-17A, Cape Canaveral SFS, Florida, USA",USA,USA,"Wed Nov 23, 1960 11:13 UTC",1960.0,Thor DM-19 Delta | TIROS-2,Success
624,NASA,"LC-5, Cape Canaveral SFS, Florida, USA",USA,USA,"Mon Nov 21, 1960 14:00 UTC",1960.0,Mercury-Redstone | Mercury-Redstone 1 (MR-1),Failure
625,US Air Force,"SLC-1E (75-3-5), Vandenberg SFB, California, USA",USA,USA,"Sat Nov 12, 1960 20:42 UTC",1960.0,Thor DM-21 Agena-B | Discoverer 17,Success
626,ABMA,"LC-26B, Cape Canaveral SFS, Florida, USA",USA,USA,"Thu Nov 03, 1960 05:23 UTC",1960.0,Juno II | Explorer 8,Success
627,US Air Force,"SLC-1W (75-3-4), Vandenberg SFB, California, USA",USA,USA,"Wed Oct 26, 1960 20:26 UTC",1960.0,Thor DM-21 Agena-B | Discoverer 16,Failure
628,RVSN USSR,"Site 1/5, Baikonur Cosmodrome, Kazakhstan",Kazakhstan,USSR,"Fri Oct 14, 1960 13:51 UTC",1960.0,Molniya | 1M n°2 (Marsnik 2),Failure
629,General Dynamics,"SLC-3W, Vandenberg SFB, California, USA",USA,USA,"Tue Oct 11, 1960 20:33 UTC",1960.0,Atlas-LV3 Agena-A | Samos 1,Failure
630,RVSN USSR,"Site 1/5, Baikonur Cosmodrome, Kazakhstan",Kazakhstan,USSR,"Mon Oct 10, 1960 14:27 UTC",1960.0,Molniya | 1M n°1 (Marsnik 1),Failure
631,US Air Force,"SLC-17B, Cape Canaveral SFS, Florida, USA",USA,USA,"Tue Oct 04, 1960 17:50 UTC",1960.0,Thor-DM21 Ablestar | Courier 1B,Success
632,General Dynamics,"LC-12, Cape Canaveral SFS, Florida, USA",USA,USA,"Sun Sep 25, 1960 15:13 UTC",1960.0,Atlas-D Able | Pioneer P-30,Failure
633,US Air Force,"SLC-1E (75-3-5), Vandenberg SFB, California, USA",USA,USA,"Tue Sep 13, 1960 22:13 UTC",1960.0,Thor-DM18 Agena-A | Discoverer 15,Success
634,RVSN USSR,"Site 1/5, Baikonur Cosmodrome, Kazakhstan",Kazakhstan,USSR,"Fri Aug 19, 1960 08:44 UTC",1960.0,Vostok | Korabl-Sputnik 2,Success
635,US Air Force,"SLC-17B, Cape Canaveral SFS, Florida, USA",USA,USA,"Thu Aug 18, 1960 19:58 UTC",1960.0,Thor-DM21 Ablestar | Courier 1A,Failure
636,US Air Force,"SLC-1W (75-3-4), Vandenberg SFB, California, USA",USA,USA,"Thu Aug 18, 1960 19:57 UTC",1960.0,Thor-DM18 Agena-A | Discoverer 14,Success
637,US Air Force,"SLC-17A, Cape Canaveral SFS, Florida, USA",USA,USA,"Fri Aug 12, 1960 09:39 UTC",1960.0,Thor DM-19 Delta | Echo 1A,Success
638,US Air Force,"SLC-1E (75-3-5), Vandenberg SFB, California, USA",USA,USA,"Wed Aug 10, 1960 20:37 UTC",1960.0,Thor-DM18 Agena-A | Discoverer 13,Success
639,NASA,"LC-14, Cape Canaveral SFS, Florida, USA",USA,USA,"Fri Jul 29, 1960 13:13 UTC",1960.0,Atlas-D Mercury | Mercury-Atlas 1 (MA-1),Failure
640,RVSN USSR,"Site 1/5, Baikonur Cosmodrome, Kazakhstan",Kazakhstan,USSR,"Thu Jul 28, 1960 09:31 UTC",1960.0,Vostok | 1K n°2 (Korabl-Sputnik 2),Failure
641,US Air Force,"SLC-1W (75-3-4), Vandenberg SFB, California, USA",USA,USA,"Wed Jun 29, 1960 22:00 UTC",1960.0,Thor-DM18 Agena-A | Discoverer 12,Failure
642,US Air Force,"SLC-17B, Cape Canaveral SFS, Florida, USA",USA,USA,"Wed Jun 22, 1960 05:54 UTC",1960.0,Thor-DM21 Ablestar | Transit 2A & GRAB-1,Success
643,General Dynamics,"LC-14, Cape Canaveral SFS, Florida, USA",USA,USA,"Tue May 24, 1960 17:36 UTC",1960.0,Atlas-LV3 Agena-A | Midas 2,Success
644,RVSN USSR,"Site 1/5, Baikonur Cosmodrome, Kazakhstan",Kazakhstan,USSR,"Sun May 15, 1960 00:00 UTC",1960.0,Vostok | Korabl-Sputnik 1,Success
645,US Air Force,"SLC-17A, Cape Canaveral SFS, Florida, USA",USA,USA,"Fri May 13, 1960 09:16 UTC",1960.0,Thor DM-19 Delta | Echo 1,Failure
646,RVSN USSR,"Site 1/5, Baikonur Cosmodrome, Kazakhstan",Kazakhstan,USSR,"Sat Apr 16, 1960 16:07 UTC",1960.0,Vostok | E-3 n°3 (Luna-3),Failure
647,US Air Force,"SLC-1E (75-3-5), Vandenberg SFB, California, USA",USA,USA,"Fri Apr 15, 1960 20:30 UTC",1960.0,Thor-DM18 Agena-A | Discoverer 11,Success
648,RVSN USSR,"Site 1/5, Baikonur Cosmodrome, Kazakhstan",Kazakhstan,USSR,"Fri Apr 15, 1960 15:06 UTC",1960.0,Vostok | E-3 n°2 (Luna-3),Failure
649,US Air Force,"SLC-17B, Cape Canaveral SFS, Florida, USA",USA,USA,"Wed Apr 13, 1960 12:02 UTC",1960.0,Thor-DM21 Ablestar | Transit 1B,Success
650,US Air Force,"SLC-17A, Cape Canaveral SFS, Florida, USA",USA,USA,"Fri Apr 01, 1960 11:40 UTC",1960.0,Thor DM-18 Able-II | TIROS-1,Success
651,ABMA,"LC-26B, Cape Canaveral SFS, Florida, USA",USA,USA,"Wed Mar 23, 1960 13:35 UTC",1960.0,Juno II | Explorer 8a,Failure
652,US Air Force,"SLC-17A, Cape Canaveral SFS, Florida, USA",USA,USA,"Fri Mar 11, 1960 13:00 UTC",1960.0,Thor DM-18 Able-IV | Pioneer 5,Success
653,General Dynamics,"LC-14, Cape Canaveral SFS, Florida, USA",USA,USA,"Fri Feb 26, 1960 17:25 UTC",1960.0,Atlas-LV3 Agena-A | Midas 1,Failure
654,US Air Force,"SLC-1E (75-3-5), Vandenberg SFB, California, USA",USA,USA,"Fri Feb 19, 1960 20:15 UTC",1960.0,Thor-DM18 Agena-A | Discoverer 10,Failure
655,US Air Force,"SLC-1W (75-3-4), Vandenberg SFB, California, USA",USA,USA,"Thu Feb 04, 1960 18:51 UTC",1960.0,Thor-DM18 Agena-A | Discoverer 9,Failure
656,General Dynamics,"LC-14, Cape Canaveral SFS, Florida, USA",USA,USA,"Thu Nov 26, 1959 07:26 UTC",1959.0,Atlas-D Able | Pioneer P-3,Failure
657,US Air Force,"SLC-1E (75-3-5), Vandenberg SFB, California, USA",USA,USA,"Fri Nov 20, 1959 19:25 UTC",1959.0,Thor-DM18 Agena-A | Discoverer 8,Failure
658,US Air Force,"SLC-1W (75-3-4), Vandenberg SFB, California, USA",USA,USA,"Sat Nov 07, 1959 20:28 UTC",1959.0,Thor-DM18 Agena-A | Discoverer 7,Success
659,ABMA,"LC-5, Cape Canaveral SFS, Florida, USA",USA,USA,"Tue Oct 13, 1959 15:30 UTC",1959.0,Juno II | Explorer 7,Success
660,RVSN USSR,"Site 1/5, Baikonur Cosmodrome, Kazakhstan",Kazakhstan,USSR,"Sun Oct 04, 1959 00:43 UTC",1959.0,Vostok | Luna-3,Success
661,US Navy,"LC-18A, Cape Canaveral SFS, Florida, USA",USA,USA,"Fri Sep 18, 1959 05:20 UTC",1959.0,Vanguard | Vanguard 3,Partial Failure
662,US Air Force,"SLC-17A, Cape Canaveral SFS, Florida, USA",USA,USA,"Thu Sep 17, 1959 14:34 UTC",1959.0,Thor DM-18 Able-II | Transit 1A,Failure
663,RVSN USSR,"Site 1/5, Baikonur Cosmodrome, Kazakhstan",Kazakhstan,USSR,"Sat Sep 12, 1959 06:39 UTC",1959.0,Vostok | Luna-2,Success
664,NASA,"LC-14, Cape Canaveral SFS, Florida, USA",USA,USA,"Wed Sep 09, 1959 08:19 UTC",1959.0,Atlas-D Mercury | Big Joe 1,Partial Failure
665,US Air Force,"SLC-1E (75-3-5), Vandenberg SFB, California, USA",USA,USA,"Wed Aug 19, 1959 19:24 UTC",1959.0,Thor-DM18 Agena-A | Discoverer 6,Success
666,ABMA,"LC-26B, Cape Canaveral SFS, Florida, USA",USA,USA,"Sat Aug 15, 1959 00:31 UTC",1959.0,Juno II | Beacon 2,Failure
667,US Air Force,"SLC-1W (75-3-4), Vandenberg SFB, California, USA",USA,USA,"Thu Aug 13, 1959 19:00 UTC",1959.0,Thor-DM18 Agena-A | Discoverer 5,Success
668,US Air Force,"SLC-17A, Cape Canaveral SFS, Florida, USA",USA,USA,"Fri Aug 07, 1959 14:24 UTC",1959.0,Thor DM-18 Able-III | Explorer 6,Success
669,ABMA,"LC-5, Cape Canaveral SFS, Florida, USA",USA,USA,"Thu Jul 16, 1959 17:37 UTC",1959.0,Juno II | Explorer 6a,Failure
670,US Air Force,"SLC-1E (75-3-5), Vandenberg SFB, California, USA",USA,USA,"Thu Jun 25, 1959 22:47 UTC",1959.0,Thor-DM18 Agena-A | Discoverer 4,Failure
671,US Navy,"LC-18A, Cape Canaveral SFS, Florida, USA",USA,USA,"Mon Jun 22, 1959 20:16 UTC",1959.0,Vanguard | Vanguard SLV-6,Failure
672,RVSN USSR,"Site 1/5, Baikonur Cosmodrome, Kazakhstan",Kazakhstan,USSR,"Thu Jun 18, 1959 08:08 UTC",1959.0,Vostok | E-1A n°1 (Luna-2),Failure
673,US Air Force,"SLC-1W (75-3-4), Vandenberg SFB, California, USA",USA,USA,"Wed Jun 03, 1959 20:09 UTC",1959.0,Thor-DM18 Agena-A | Discoverer 3,Failure
674,US Navy,"LC-18A, Cape Canaveral SFS, Florida, USA",USA,USA,"Tue Apr 14, 1959 02:49 UTC",1959.0,Vanguard | Vanguard SLV-5,Failure
675,US Air Force,"SLC-1W (75-3-4), Vandenberg SFB, California, USA",USA,USA,"Mon Apr 13, 1959 21:18 UTC",1959.0,Thor-DM18 Agena-A | Discoverer 2,Success
676,ABMA,"LC-5, Cape Canaveral SFS, Florida, USA",USA,USA,"Tue Mar 03, 1959 05:10 UTC",1959.0,Juno II | Pioneer 4,Success
677,US Air Force,"SLC-1W (75-3-4), Vandenberg SFB, California, USA",USA,USA,"Sat Feb 28, 1959 21:49 UTC",1959.0,Thor-DM18 Agena-A | Discoverer 1,Failure
678,US Navy,"LC-18A, Cape Canaveral SFS, Florida, USA",USA,USA,"Tue Feb 17, 1959 15:55 UTC",1959.0,Vanguard | Vanguard 2,Success
679,RVSN USSR,"Site 1/5, Baikonur Cosmodrome, Kazakhstan",Kazakhstan,USSR,"Fri Jan 02, 1959 16:41 UTC",1959.0,Vostok | Luna-1,Partial Failure
680,US Air Force,"LC-11, Cape Canaveral SFS, Florida, USA",USA,USA,"Thu Dec 18, 1958 23:02 UTC",1958.0,SM-65B Atlas | SCORE,Success
681,ABMA,"LC-5, Cape Canaveral SFS, Florida, USA",USA,USA,"Sat Dec 06, 1958 05:44 UTC",1958.0,Juno II | Pioneer 3,Partial Failure
682,RVSN USSR,"Site 1/5, Baikonur Cosmodrome, Kazakhstan",Kazakhstan,USSR,"Thu Dec 04, 1958 18:18 UTC",1958.0,Vostok | E-1 n°3 (Luna-1),Failure
683,NASA,"SLC-17A, Cape Canaveral SFS, Florida, USA",USA,USA,"Sat Nov 08, 1958 07:30 UTC",1958.0,Thor-DM 18 Able I | Pioneer 2,Failure
684,ABMA,"LC-5, Cape Canaveral SFS, Florida, USA",USA,USA,"Thu Oct 23, 1958 03:21 UTC",1958.0,Juno I | Beacon 1,Failure
685,RVSN USSR,"Site 1/5, Baikonur Cosmodrome, Kazakhstan",Kazakhstan,USSR,"Sat Oct 11, 1958 21:41 UTC",1958.0,Vostok | E-1 n°2 (Luna-1),Failure
686,NASA,"SLC-17A, Cape Canaveral SFS, Florida, USA",USA,USA,"Sat Oct 11, 1958 08:42 UTC",1958.0,Thor-DM 18 Able I | Pioneer 1,Partial Failure
687,US Navy,"LC-18A, Cape Canaveral SFS, Florida, USA",USA,USA,"Fri Sep 26, 1958 15:38 UTC",1958.0,Vanguard | Vanguard SLV-3,Failure
688,RVSN USSR,"Site 1/5, Baikonur Cosmodrome, Kazakhstan",Kazakhstan,USSR,"Tue Sep 23, 1958 07:40 UTC",1958.0,Vostok | E-1 n°1 (Luna-1),Failure
692,ABMA,"LC-5, Cape Canaveral SFS, Florida, USA",USA,USA,"Sun Aug 24, 1958 06:17 UTC",1958.0,Juno I | Explorer 5,Failure
694,US Air Force,"SLC-17A, Cape Canaveral SFS, Florida, USA",USA,USA,"Sun Aug 17, 1958 12:18 UTC",1958.0,Thor-DM 18 Able I | Pioneer 0,Failure
696,ABMA,"LC-5, Cape Canaveral SFS, Florida, USA",USA,USA,"Sat Jul 26, 1958 15:00 UTC",1958.0,Juno I | Explorer 4,Success
698,US Navy,"LC-18A, Cape Canaveral SFS, Florida, USA",USA,USA,"Thu Jun 26, 1958 05:00 UTC",1958.0,Vanguard | Vanguard SLV-2,Failure
699,US Navy,"LC-18A, Cape Canaveral SFS, Florida, USA",USA,USA,"Wed May 28, 1958 03:46 UTC",1958.0,Vanguard | Vanguard SLV-1,Failure
700,RVSN USSR,"Site 1/5, Baikonur Cosmodrome, Kazakhstan",Kazakhstan,USSR,"Thu May 15, 1958 07:00 UTC",1958.0,Sputnik 8A91 | Sputnik 3,Success
701,US Navy,"LC-18A, Cape Canaveral SFS, Florida, USA",USA,USA,"Tue Apr 29, 1958 02:53 UTC",1958.0,Vanguard | Vanguard TV5,Failure
702,RVSN USSR,"Site 1/5, Baikonur Cosmodrome, Kazakhstan",Kazakhstan,USSR,"Sun Apr 27, 1958 09:01 UTC",1958.0,Sputnik 8A91 | D-1 n°01,Failure
703,ABMA,"LC-5, Cape Canaveral SFS, Florida, USA",USA,USA,"Wed Mar 26, 1958 17:38 UTC",1958.0,Juno I | Explorer 3,Success
704,US Navy,"LC-18A, Cape Canaveral SFS, Florida, USA",USA,USA,"Mon Mar 17, 1958 12:15 UTC",1958.0,Vanguard | Vanguard 1,Success
705,ABMA,"LC-26A, Cape Canaveral SFS, Florida, USA",USA,USA,"Wed Mar 05, 1958 18:27 UTC",1958.0,Juno I | Explorer 2,Failure
706,US Navy,"LC-18A, Cape Canaveral SFS, Florida, USA",USA,USA,"Wed Feb 05, 1958 07:33 UTC",1958.0,Vanguard | Vanguard TV3BU,Failure
707,ABMA,"LC-26A, Cape Canaveral SFS, Florida, USA",USA,USA,"Sat Feb 01, 1958 03:47 UTC",1958.0,Juno I | Explorer 1,Success
708,US Navy,"LC-18A, Cape Canaveral SFS, Florida, USA",USA,USA,"Fri Dec 06, 1957 16:44 UTC",1957.0,Vanguard | Vanguard TV3,Failure
709,RVSN USSR,"Site 1/5, Baikonur Cosmodrome, Kazakhstan",Kazakhstan,USSR,"Sun Nov 03, 1957 02:30 UTC",1957.0,Sputnik 8K71PS | Sputnik 2,Success
710,RVSN USSR,"Site 1/5, Baikonur Cosmodrome, Kazakhstan",Kazakhstan,USSR,"Fri Oct 04, 1957 19:28 UTC",1957.0,Sputnik 8K71PS | Sputnik 1,Success
